,Volatility_Copper_True_train
2006-05-15,0.360673463787912
2006-05-16,0.3868612133720172
2006-05-17,0.3909233219034205
2006-05-18,0.46059132177243334
2006-05-19,0.4555178708470978
2006-05-22,0.5456239110909469
2006-05-23,0.545129020863527
2006-05-24,0.6688746195849158
2006-05-25,0.72589859963746
2006-05-26,0.7266717583084926
2006-05-29,0.7285971929450658
2006-05-30,0.728059717035294
2006-05-31,0.7427761004084168
2006-06-01,0.7423391977159086
2006-06-02,0.7720843116704128
2006-06-05,0.778182932422436
2006-06-06,0.7776512042229005
2006-06-07,0.7848477341794392
2006-06-08,0.7577519602971666
2006-06-09,0.7940075289700729
2006-06-12,0.7869174430915122
2006-06-13,0.786021064683685
2006-06-14,0.8265426235741188
2006-06-15,0.828048716038859
2006-06-16,0.8257165138725348
2006-06-19,0.8315388532962577
2006-06-20,0.8480563226937106
2006-06-21,0.8393958759825156
2006-06-22,0.8326365431190212
2006-06-23,0.7870331155903002
2006-06-26,0.8133949315407865
2006-06-27,0.8202766124944777
2006-06-28,0.8221691920555976
2006-06-29,0.8145195283953567
2006-06-30,0.8180646236280656
2006-07-03,0.7747140057228206
2006-07-04,0.7758873980340835
2006-07-05,0.6303959248899464
2006-07-06,0.5887657443266504
2006-07-07,0.6343309759843648
2006-07-10,0.6275376013348367
2006-07-11,0.6288670678138506
2006-07-12,0.6228325896245358
2006-07-13,0.6227795880411782
2006-07-14,0.5932423013603394
2006-07-17,0.5832906876215206
2006-07-18,0.5957631453748669
2006-07-19,0.5840942547555908
2006-07-20,0.5764347791400717
2006-07-21,0.5643365781127021
2006-07-24,0.5611957975900098
2006-07-25,0.5626467319461429
2006-07-26,0.49771749523554865
2006-07-27,0.49734506907497156
2006-07-28,0.46661092769371615
2006-07-31,0.4636856277238388
2006-08-01,0.42774062079155384
2006-08-02,0.4280586502586714
2006-08-03,0.42881427476199063
2006-08-04,0.4294612574469576
2006-08-07,0.4173608889487571
2006-08-08,0.4086519990751002
2006-08-09,0.3730413966024063
2006-08-10,0.3680289828621385
2006-08-11,0.37643882462942924
2006-08-14,0.4042209612442369
2006-08-16,0.4061024129016575
2006-08-17,0.4116327857947224
2006-08-18,0.43228491252200607
2006-08-21,0.3714223158741743
2006-08-22,0.37568420736595753
2006-08-23,0.37486520373323795
2006-08-24,0.36927911957902226
2006-08-25,0.3693953142513904
2006-08-28,0.36984142269706066
2006-08-29,0.3661763950551815
2006-08-30,0.35673151282505644
2006-08-31,0.35732047346213036
2006-09-01,0.3748658340521066
2006-09-04,0.31865959940553246
2006-09-05,0.3039308588474092
2006-09-06,0.326599595362548
2006-09-07,0.3229466027685476
2006-09-08,0.32576231372552145
2006-09-11,0.33428962831281117
2006-09-12,0.3597721286883224
2006-09-13,0.3607656389180226
2006-09-14,0.3584556455671184
2006-09-15,0.35854366215527766
2006-09-18,0.35402828388708585
2006-09-19,0.34600298107053196
2006-09-20,0.3472334932435749
2006-09-21,0.3471714344215113
2006-09-22,0.3329222583496736
2006-09-25,0.3234916662408309
2006-09-26,0.29306491082114494
2006-09-27,0.2889126275021132
2006-09-28,0.2839885299424256
2006-09-29,0.26320500071365716
2006-10-03,0.2508394536218763
2006-10-04,0.281840384081374
2006-10-05,0.29408198874148994
2006-10-06,0.31546557654196605
2006-10-09,0.32682396018056714
2006-10-10,0.3279483301935794
2006-10-11,0.3292357367495923
2006-10-12,0.3246206833821341
2006-10-13,0.32551595812381273
2006-10-16,0.30530613605122714
2006-10-17,0.35041206562752547
2006-10-18,0.36325483539445047
2006-10-19,0.3316434575167021
2006-10-20,0.3270498327570075
2006-10-23,0.3282375262444315
2006-10-24,0.3219206452042024
2006-10-25,0.2884189958900517
2006-10-26,0.2860294840432571
2006-10-27,0.2861983253312461
2006-10-30,0.28584084535172316
2006-10-31,0.2838195928383759
2006-11-01,0.2622699616838061
2006-11-02,0.28286512717577306
2006-11-03,0.2894445746661095
2006-11-06,0.2867602230257523
2006-11-07,0.28679406056827383
2006-11-08,0.2886827333181802
2006-11-09,0.31611160831210317
2006-11-10,0.3246086136401549
2006-11-13,0.4110439014324694
2006-11-14,0.41225632788917077
2006-11-15,0.3836152156471214
2006-11-16,0.37288584804524927
2006-11-17,0.35932489900334275
2006-11-20,0.3453426105901225
2006-11-21,0.342052404405883
2006-11-22,0.35929987887076964
2006-11-23,0.35611418269815953
2006-11-24,0.355508036628543
2006-11-27,0.35418144731188894
2006-11-28,0.3159053243479495
2006-11-29,0.3077089491961458
2006-11-30,0.3076527017284657
2006-12-01,0.3143841924294337
2006-12-04,0.3122607108495633
2006-12-05,0.3123724639660188
2006-12-06,0.3241663715799601
2006-12-07,0.3370516740312296
2006-12-08,0.3398215169155736
2006-12-11,0.34068371684217347
2006-12-12,0.3395943638952892
2006-12-13,0.34086979041043786
2006-12-14,0.3276817941507295
2006-12-15,0.32275544128478517
2006-12-18,0.32287853594631344
2006-12-19,0.3230483095656679
2006-12-20,0.3205425923752757
2006-12-21,0.3032406259216861
2006-12-22,0.2992951864958663
2006-12-26,0.181974003097204
2006-12-27,0.18275607820567816
2006-12-28,0.18196125847028652
2006-12-29,0.1815257307900944
2007-01-01,0.17612901970015435
2007-01-02,0.17575241802451483
2007-01-03,0.17486447644748962
2007-01-04,0.28746062693994123
2007-01-05,0.2895773829754733
2007-01-08,0.2989605509284189
2007-01-09,0.2989002032944805
2007-01-10,0.28879652169638237
2007-01-11,0.3376919572213184
2007-01-12,0.33803418828440157
2007-01-15,0.33209358617905327
2007-01-16,0.33159731974995865
2007-01-17,0.33095789058351177
2007-01-18,0.314148974726997
2007-01-19,0.3167032588530828
2007-01-22,0.32339194844589525
2007-01-23,0.32383037219078503
2007-01-24,0.3302263326643181
2007-01-25,0.33463186703206826
2007-01-29,0.33804093535563695
2007-01-30,0.352806153469588
2007-01-31,0.3553659862087808
2007-02-01,0.35802214800325916
2007-02-02,0.3647044716297405
2007-02-05,0.3843670936049277
2007-02-06,0.3802725769339296
2007-02-07,0.4055581738535593
2007-02-08,0.4055297818914676
2007-02-09,0.4020428824691964
2007-02-12,0.4183880971624271
2007-02-13,0.41892707750721525
2007-02-14,0.4532999481237975
2007-02-15,0.45310163662750313
2007-02-16,0.3736376062043488
2007-02-19,0.3699389673372979
2007-02-20,0.35389213989875634
2007-02-21,0.36162982497931573
2007-02-22,0.37075988413645633
2007-02-23,0.3702004080359249
2007-02-26,0.3818428613624788
2007-02-27,0.3727499653518559
2007-02-28,0.3781707425709052
2007-03-01,0.38734060540951676
2007-03-02,0.38708179407727394
2007-03-05,0.37372983127894344
2007-03-06,0.3743136908229633
2007-03-07,0.3784175254657731
2007-03-08,0.3827290546012252
2007-03-09,0.3855339042239234
2007-03-12,0.3933468954004208
2007-03-13,0.3730889786577205
2007-03-14,0.375462203346394
2007-03-15,0.3744610458302189
2007-03-16,0.4025338853286069
2007-03-19,0.35584724861305117
2007-03-20,0.35402066817178723
2007-03-21,0.34196668763549987
2007-03-22,0.33803652652323046
2007-03-23,0.3393474982942766
2007-03-26,0.3333439721043937
2007-03-27,0.3266429894676016
2007-03-28,0.321575837205183
2007-03-29,0.322026742481764
2007-03-30,0.309671708286576
2007-04-02,0.31250116016555196
2007-04-03,0.3122351025473249
2007-04-04,0.3105942048367961
2007-04-05,0.3052156315940513
2007-04-06,0.27776653269169493
2007-04-09,0.26783951925931615
2007-04-10,0.28267443241582835
2007-04-11,0.27063905847354164
2007-04-12,0.25060302111523625
2007-04-13,0.2719820796872182
2007-04-16,0.25822771272687217
2007-04-17,0.2577796391343059
2007-04-18,0.2620417540037937
2007-04-19,0.264786664955471
2007-04-20,0.2641793872833923
2007-04-23,0.2461258105179245
2007-04-24,0.2419286209245902
2007-04-25,0.2567833290420686
2007-04-26,0.2600745870778496
2007-04-27,0.2318348797642286
2007-04-30,0.23522339604048423
2007-05-01,0.23767305592886437
2007-05-02,0.24453461971114684
2007-05-03,0.2375021959780043
2007-05-04,0.23871428445920204
2007-05-07,0.23818034820895465
2007-05-08,0.24638665309110705
2007-05-09,0.22455305965914832
2007-05-10,0.22689345698032967
2007-05-11,0.249057786570517
2007-05-14,0.24630015646966694
2007-05-15,0.2849733077559543
2007-05-16,0.2663397856911002
2007-05-17,0.28475018226714166
2007-05-18,0.3069289663693471
2007-05-21,0.3085339412589163
2007-05-22,0.2925209759800582
2007-05-23,0.30366719665989095
2007-05-24,0.2948276783945337
2007-05-25,0.3090641136101363
2007-05-28,0.3547173462607327
2007-05-29,0.35456251787859694
2007-05-30,0.3391296178838934
2007-05-31,0.3382250465416604
2007-06-01,0.3591246026266919
2007-06-04,0.3585050943419539
2007-06-05,0.3653761872964757
2007-06-06,0.3575111807001923
2007-06-07,0.35869291304586526
2007-06-08,0.3411614382791034
2007-06-11,0.3485194813587075
2007-06-12,0.3615134643401605
2007-06-13,0.36062662592633843
2007-06-14,0.36459340475596314
2007-06-15,0.36586241443312617
2007-06-18,0.3691795439201163
2007-06-19,0.36539070905286686
2007-06-20,0.3641216998609289
2007-06-21,0.37057728019128133
2007-06-22,0.3597740264799125
2007-06-25,0.35209964305018737
2007-06-26,0.3251806089500533
2007-06-27,0.3303483206684996
2007-06-28,0.3140742290664502
2007-06-29,0.29467926686822776
2007-07-02,0.29429206396155616
2007-07-03,0.2955804681438534
2007-07-04,0.2766632551718351
2007-07-05,0.27592661855258827
2007-07-06,0.2405305579825057
2007-07-09,0.1960798218510281
2007-07-10,0.19681072774934336
2007-07-11,0.19659534703233203
2007-07-12,0.1963557494187331
2007-07-13,0.18021393689360418
2007-07-16,0.18030909828025335
2007-07-17,0.17809206027616245
2007-07-18,0.17737363618780352
2007-07-19,0.17309438086290727
2007-07-20,0.18959710073357092
2007-07-23,0.16378784129919352
2007-07-24,0.1523556769070694
2007-07-25,0.13478992067955878
2007-07-26,0.14263608009923853
2007-07-27,0.13341072166870308
2007-07-30,0.1335595502764139
2007-07-31,0.13644156684939104
2007-08-01,0.1381411216789085
2007-08-02,0.1394616074261356
2007-08-03,0.1343732350472169
2007-08-06,0.15986306359169603
2007-08-07,0.15862528678609542
2007-08-08,0.14414958328907126
2007-08-09,0.14581080459884013
2007-08-10,0.15908334966762475
2007-08-13,0.1596671963421201
2007-08-14,0.16289602083401858
2007-08-16,0.18460539204764467
2007-08-17,0.2816028068651064
2007-08-20,0.30135366422273335
2007-08-21,0.3022740362891819
2007-08-22,0.30194339649812707
2007-08-23,0.31198800291769
2007-08-24,0.31616658972657485
2007-08-27,0.3359588173767044
2007-08-28,0.3349256876890454
2007-08-29,0.3339695144696775
2007-08-30,0.3389824287208012
2007-08-31,0.33856308417767034
2007-09-03,0.3276552197147644
2007-09-04,0.3247253774261257
2007-09-05,0.34023300180593086
2007-09-06,0.34009508702280555
2007-09-07,0.3392669566154958
2007-09-10,0.34356017777111103
2007-09-11,0.33951924492289254
2007-09-12,0.3662956047506625
2007-09-13,0.3624699090490262
2007-09-14,0.3621799730056646
2007-09-17,0.36180218809287334
2007-09-18,0.3495980457847834
2007-09-19,0.35203913764110617
2007-09-20,0.36557384609541366
2007-09-21,0.3616853965005985
2007-09-24,0.34632403246153276
2007-09-25,0.3484906057135263
2007-09-26,0.3417509346740746
2007-09-27,0.32482656675623767
2007-09-28,0.2194458400395278
2007-10-01,0.20294224738529462
2007-10-03,0.20934229505604193
2007-10-04,0.20052851497040233
2007-10-05,0.19995854180798936
2007-10-08,0.19998607337082833
2007-10-09,0.21073803155757517
2007-10-10,0.21079619180265732
2007-10-11,0.2134165887771152
2007-10-12,0.21150850052601347
2007-10-15,0.21150618673808472
2007-10-16,0.20794619570703624
2007-10-17,0.21258276450992472
2007-10-18,0.18181305807768747
2007-10-19,0.19044156981654295
2007-10-22,0.19102173572327383
2007-10-23,0.19040530282612586
2007-10-24,0.19062568488854695
2007-10-25,0.1627837570191019
2007-10-26,0.16174448078367684
2007-10-29,0.16465517341703514
2007-10-30,0.1667535960056821
2007-10-31,0.16811395856664
2007-11-01,0.1645010581705301
2007-11-02,0.16534388178658796
2007-11-05,0.16683338313762255
2007-11-06,0.16751307964989912
2007-11-07,0.1654079004101127
2007-11-08,0.17945608343153244
2007-11-09,0.18372586681163808
2007-11-12,0.18107094808536958
2007-11-13,0.18198205393377007
2007-11-14,0.1649028923361107
2007-11-15,0.2617330002558421
2007-11-16,0.3454271642612299
2007-11-19,0.3666964828375987
2007-11-20,0.40485808597072215
2007-11-21,0.41121896880928155
2007-11-22,0.4274143901367239
2007-11-23,0.4284735583006958
2007-11-26,0.4292327655340463
2007-11-27,0.4819030306857828
2007-11-28,0.48277449341595147
2007-11-29,0.48670695422885013
2007-11-30,0.4936198873734371
2007-12-03,0.5050372783333145
2007-12-04,0.5146006246014424
2007-12-05,0.5182789523873563
2007-12-06,0.5167726563231856
2007-12-07,0.5146360701697185
2007-12-10,0.5302827621252431
2007-12-11,0.5307793726833915
2007-12-12,0.5302542941697382
2007-12-13,0.5327765875190562
2007-12-14,0.5277456474888673
2007-12-17,0.5275694449637006
2007-12-18,0.5292219544721709
2007-12-19,0.5267123920620566
2007-12-20,0.5313693424966733
2007-12-21,0.5290798552201473
2007-12-24,0.5533101840470556
2007-12-26,0.5547651791717862
2007-12-27,0.5548238093009895
2007-12-28,0.5091369966445107
2007-12-31,0.44375078359734643
2008-01-01,0.43267765690242654
2008-01-02,0.3726834724207111
2008-01-03,0.3695337653309524
2008-01-04,0.35439502219784846
2008-01-07,0.35901983046158115
2008-01-08,0.36039566121023114
2008-01-09,0.35247722722356156
2008-01-10,0.34665668946558226
2008-01-11,0.3457761795939843
2008-01-14,0.3392707863244958
2008-01-15,0.32773549420326853
2008-01-16,0.32279671340162397
2008-01-17,0.32035919042070693
2008-01-18,0.3199552161684631
2008-01-21,0.32396474140354414
2008-01-22,0.30312158384503796
2008-01-23,0.29987396614175243
2008-01-24,0.34043805838314134
2008-01-25,0.3489293471931427
2008-01-28,0.33511225616214346
2008-01-29,0.3325529581506864
2008-01-30,0.34011862808791093
2008-01-31,0.3538005285847634
2008-02-01,0.3535451136556399
2008-02-04,0.35612789411820633
2008-02-05,0.32362442256712776
2008-02-06,0.3326695812496995
2008-02-07,0.35721969750715954
2008-02-08,0.37947766295396834
2008-02-11,0.3785685930744036
2008-02-12,0.3743246810382208
2008-02-13,0.3746902855369977
2008-02-14,0.37748501065850737
2008-02-15,0.3589022647768896
2008-02-18,0.3546821236337889
2008-02-19,0.35299982426786125
2008-02-20,0.37529004395420384
2008-02-21,0.37397609519342423
2008-02-22,0.38052741165876003
2008-02-25,0.3835755463039161
2008-02-26,0.387680108421359
2008-02-27,0.3655918010258511
2008-02-28,0.3515686075357094
2008-02-29,0.35142282334656627
2008-03-03,0.35066707833800037
2008-03-04,0.35838875218916133
2008-03-05,0.3783523941046806
2008-03-06,0.34879655096286455
2008-03-07,0.35633349499539657
2008-03-10,0.35600622891754086
2008-03-11,0.38038243584784404
2008-03-12,0.37236383746811574
2008-03-13,0.357336576559359
2008-03-14,0.35229423849527575
2008-03-17,0.34882946607340437
2008-03-18,0.3725717593495693
2008-03-19,0.3564832193589357
2008-03-20,0.3672268011221853
2008-03-24,0.3487782449850404
2008-03-25,0.3389545784136072
2008-03-26,0.33891787438361975
2008-03-27,0.34125330443525725
2008-03-28,0.3643161726534674
2008-03-31,0.3638215579309405
2008-04-01,0.3637045719092399
2008-04-02,0.3652047954167196
2008-04-03,0.3035504455457414
2008-04-04,0.3038297265808032
2008-04-07,0.2952738610199118
2008-04-08,0.2938233302143828
2008-04-09,0.3003690803593877
2008-04-10,0.31392866438211064
2008-04-11,0.32225631759606876
2008-04-14,0.32134084353973624
2008-04-15,0.32166703994399326
2008-04-16,0.3067768257825494
2008-04-17,0.3051192791553642
2008-04-18,0.27035625495505766
2008-04-21,0.2634860031534123
2008-04-22,0.26140808660234227
2008-04-23,0.2579102923190275
2008-04-24,0.26233873735066915
2008-04-25,0.2605504487560981
2008-04-28,0.26477132398324255
2008-04-29,0.26503399216680235
2008-04-30,0.24370658154627625
2008-05-01,0.25455952555811723
2008-05-02,0.239354138306918
2008-05-05,0.2635763165937062
2008-05-06,0.27909729991205345
2008-05-07,0.2842322881904479
2008-05-08,0.28155184998300686
2008-05-09,0.24867781552315357
2008-05-12,0.26489161726590127
2008-05-13,0.27022924913557334
2008-05-14,0.2697269731914348
2008-05-15,0.26469607906219317
2008-05-16,0.2705470456603457
2008-05-19,0.2675903883628451
2008-05-20,0.2682603856722343
2008-05-21,0.2580005601721099
2008-05-22,0.24195378513095037
2008-05-23,0.2308751516959552
2008-05-26,0.23045923513435793
2008-05-27,0.2299698819497554
2008-05-28,0.22803870631043063
2008-05-29,0.21351854539576207
2008-05-30,0.24975347606728862
2008-06-02,0.2503290133537873
2008-06-03,0.25198035624952675
2008-06-04,0.23390444567008287
2008-06-05,0.22980137367638867
2008-06-06,0.2301733744002011
2008-06-09,0.23617810705025885
2008-06-10,0.23565932971493972
2008-06-11,0.23953512789499717
2008-06-12,0.22693407794370643
2008-06-13,0.21639983574436303
2008-06-16,0.18346932971168642
2008-06-17,0.17044271615304288
2008-06-18,0.16503730949122644
2008-06-19,0.18455543963381052
2008-06-20,0.18651617032038778
2008-06-23,0.1647118701923421
2008-06-24,0.16040394413407164
2008-06-25,0.16135989766628991
2008-06-26,0.15919446285506603
2008-06-27,0.1547898080766745
2008-06-30,0.15969954818795432
2008-07-01,0.15932240794958977
2008-07-02,0.16438055313962982
2008-07-03,0.1956709823347527
2008-07-04,0.2230947106042809
2008-07-07,0.22298155451329835
2008-07-08,0.24732891155764267
2008-07-09,0.2755749981230241
2008-07-10,0.2751353513967638
2008-07-11,0.23705176376116835
2008-07-14,0.23647776919901967
2008-07-15,0.23294956577472484
2008-07-16,0.23435985975682114
2008-07-17,0.238061953392503
2008-07-18,0.24053833424655588
2008-07-21,0.2383385990780644
2008-07-22,0.23835138478190107
2008-07-23,0.23238373777141438
2008-07-24,0.2403912764189338
2008-07-25,0.25879963198040923
2008-07-28,0.2577325745615542
2008-07-29,0.24631583645829933
2008-07-30,0.24612847075207625
2008-07-31,0.2335968991086034
2008-08-01,0.23177807110510498
2008-08-04,0.23876343066851338
2008-08-05,0.26819188174547104
2008-08-06,0.26877051511127326
2008-08-07,0.2687112014862074
2008-08-08,0.26283345640390543
2008-08-11,0.25693270522679235
2008-08-12,0.25626578774151765
2008-08-13,0.24590218976458092
2008-08-14,0.26244864933545664
2008-08-18,0.25009760991061813
2008-08-19,0.25343604822061705
2008-08-20,0.2733838905698297
2008-08-21,0.25114821689573263
2008-08-22,0.2893009120630997
2008-08-25,0.30119523085294486
2008-08-26,0.3028139307662948
2008-08-27,0.30168570341293033
2008-08-28,0.3016267536936087
2008-08-29,0.3013819503459837
2008-09-01,0.29756903480645924
2008-09-02,0.29317725485875723
2008-09-03,0.29524981671093276
2008-09-04,0.29691741214470513
2008-09-05,0.2927950326441334
2008-09-08,0.3315328993816581
2008-09-09,0.3254839418987038
2008-09-10,0.32935116142887055
2008-09-11,0.3347915700624675
2008-09-12,0.33254466626574275
2008-09-15,0.3518325091500262
2008-09-16,0.34393480698565937
2008-09-17,0.3158399278942794
2008-09-18,0.32291295853452096
2008-09-19,0.32774026511591914
2008-09-22,0.34122793200359636
2008-09-23,0.33436222905911206
2008-09-24,0.34126722046969193
2008-09-25,0.3422132438591162
2008-09-26,0.31054711838443194
2008-09-29,0.3149633528878494
2008-09-30,0.3524237093631474
2008-10-01,0.3281313212029895
2008-10-03,0.4582304876345772
2008-10-06,0.43688670596812207
2008-10-07,0.4811143736950685
2008-10-08,0.4967335048053455
2008-10-09,0.49777403749018223
2008-10-10,0.49785172686041257
2008-10-13,0.6435237472574454
2008-10-14,0.7054535851748895
2008-10-15,0.7181696533980019
2008-10-16,0.7506012574095111
2008-10-17,0.7655256440876539
2008-10-20,0.7927445271355141
2008-10-21,0.7753520680063453
2008-10-22,0.793638778330294
2008-10-23,0.8138925418138464
2008-10-24,0.8068683733928534
2008-10-27,0.8231446988182841
2008-10-28,0.8469003364379015
2008-10-29,0.8856461050713688
2008-10-30,0.8874064712464017
2008-10-31,0.8902895496441307
2008-11-03,0.8897603399502173
2008-11-04,0.8751372791156816
2008-11-05,0.9171237648378477
2008-11-06,0.9830128091780957
2008-11-07,0.9877937244792233
2008-11-10,0.9765617596449273
2008-11-11,0.990657656407402
2008-11-12,0.9960951779526187
2008-11-13,0.9999999999999999
2008-11-14,0.956875945328192
2008-11-17,0.9973789631087414
2008-11-18,0.9821644975774012
2008-11-19,0.9758912067735298
2008-11-20,0.9800746282739018
2008-11-21,0.9811752971893769
2008-11-24,0.8858274708229864
2008-11-25,0.8804439017684341
2008-11-26,0.8687122008229703
2008-11-28,0.8422196111272195
2008-12-01,0.8257178061569002
2008-12-02,0.8027861151746479
2008-12-03,0.8021144468800392
2008-12-04,0.7928302134576171
2008-12-05,0.7853716578703781
2008-12-08,0.8220216261934764
2008-12-09,0.8030594283983439
2008-12-10,0.7801333337062156
2008-12-11,0.7645778175684395
2008-12-12,0.7632018749018523
2008-12-15,0.7809224537441268
2008-12-16,0.7745059993519813
2008-12-17,0.774802144897176
2008-12-18,0.7277330008420063
2008-12-19,0.652771522425449
2008-12-22,0.6479334838818264
2008-12-23,0.6574910737444479
2008-12-24,0.6494412854251043
2008-12-26,0.6251836861412385
2008-12-29,0.6238731161239136
2008-12-30,0.6343114830431419
2008-12-31,0.5696341890405185
2009-01-01,0.6218475897315551
2009-01-02,0.6154829822851487
2009-01-05,0.633621396035811
2009-01-06,0.6340438025916327
2009-01-07,0.7244863103212626
2009-01-08,0.7045646469111426
2009-01-09,0.706742035481787
2009-01-12,0.7487254364906675
2009-01-13,0.773690179607879
2009-01-14,0.797144670815938
2009-01-15,0.8090671179935303
2009-01-16,0.7959327853739459
2009-01-19,0.7839736844235231
2009-01-20,0.7281222108779196
2009-01-21,0.7224699053944235
2009-01-22,0.7387527456662761
2009-01-23,0.7349444211224332
2009-01-27,0.90864187340664
2009-01-28,0.9319173021640329
2009-01-29,0.921730547599834
2009-01-30,0.923581609662948
2009-02-02,0.9212615844418554
2009-02-03,0.8988091359682294
2009-02-04,0.9225339894873895
2009-02-05,0.9206051762635897
2009-02-06,0.9162986738778188
2009-02-09,0.9633995123926024
2009-02-10,0.9662464592590895
2009-02-11,0.970368827248114
2009-02-12,0.9760644150979215
2009-02-13,0.945857291505546
2009-02-16,0.9457776509438284
2009-02-17,0.9303404421944318
2009-02-18,0.971333782107305
2009-02-19,0.9090529711899283
2009-02-20,0.8954811764761964
2009-02-23,0.8923623526081738
2009-02-24,0.8597931578634596
2009-02-25,0.8458520446122113
2009-02-26,0.8321538833387117
2009-02-27,0.8253150773498052
2009-03-02,0.8266366879898774
2009-03-03,0.8111192715098156
2009-03-04,0.8374091344972099
2009-03-05,0.8645727564951994
2009-03-06,0.8466080077106464
2009-03-09,0.8330227313133245
2009-03-10,0.6703956417271238
2009-03-11,0.599087027340488
2009-03-12,0.6000341729574922
2009-03-13,0.5889164124450138
2009-03-16,0.5928762489288317
2009-03-17,0.5985931544018834
2009-03-18,0.5749667216137103
2009-03-19,0.5757476541458314
2009-03-20,0.5834433220030504
2009-03-23,0.5164640203668411
2009-03-24,0.5228859739072024
2009-03-25,0.524542634047677
2009-03-26,0.5145149269685985
2009-03-27,0.5156760179536832
2009-03-30,0.5198742897978951
2009-03-31,0.5363178290480439
2009-04-01,0.46531802402452793
2009-04-02,0.46324679411251735
2009-04-03,0.4596603496274948
2009-04-06,0.48631292193805786
2009-04-07,0.48267015656739465
2009-04-08,0.47741069368190736
2009-04-09,0.47489415627791143
2009-04-13,0.4654430262258348
2009-04-14,0.45290595457931904
2009-04-15,0.45271651426204784
2009-04-16,0.43358983946609286
2009-04-17,0.40363772266280107
2009-04-20,0.39010934812532827
2009-04-21,0.4234790115291325
2009-04-22,0.4083596878801977
2009-04-23,0.41535865753769374
2009-04-24,0.43885710535308375
2009-04-27,0.44230953418116903
2009-04-28,0.45824836711674366
2009-04-29,0.4437828625155801
2009-05-01,0.4625284457347566
2009-05-04,0.4832641107644139
2009-05-05,0.46499954654170494
2009-05-06,0.47466544566200763
2009-05-07,0.4887172622953194
2009-05-08,0.48042860202284676
2009-05-11,0.48515917558306665
2009-05-12,0.49445250314648925
2009-05-13,0.4917549137382119
2009-05-14,0.4953208973515676
2009-05-15,0.4739047310287673
2009-05-18,0.47630585780172163
2009-05-19,0.47567024714696526
2009-05-20,0.4295900420962254
2009-05-21,0.437507325644911
2009-05-22,0.4541203383027991
2009-05-25,0.4556601974087733
2009-05-26,0.44629384564831176
2009-05-27,0.4593934126744841
2009-05-28,0.4583438778071157
2009-05-29,0.4340491100040281
2009-06-01,0.4332013880944404
2009-06-02,0.4656325602068394
2009-06-03,0.44393994792798097
2009-06-04,0.47491694624973746
2009-06-05,0.5019404019630087
2009-06-08,0.48572465594210346
2009-06-09,0.4800886807513157
2009-06-10,0.5009726639392645
2009-06-11,0.4879544419111349
2009-06-12,0.478130276019731
2009-06-15,0.47102344998068746
2009-06-16,0.4824000702209915
2009-06-17,0.4729057320663057
2009-06-18,0.44122710764314677
2009-06-19,0.4402436316057885
2009-06-22,0.4384654051906929
2009-06-23,0.46436124524601863
2009-06-24,0.4889389012998102
2009-06-25,0.47811677509056305
2009-06-26,0.4798231588313586
2009-06-29,0.477739916534474
2009-06-30,0.47737704522260027
2009-07-01,0.4895145938729968
2009-07-02,0.5001209215004946
2009-07-03,0.48651352169067397
2009-07-06,0.4838358612125977
2009-07-07,0.4863229232698376
2009-07-08,0.4776540773881661
2009-07-09,0.4845992899778413
2009-07-10,0.500253283083022
2009-07-13,0.5018113971528879
2009-07-14,0.47452111289358456
2009-07-15,0.48079558136589173
2009-07-16,0.4654488275454196
2009-07-17,0.43606035223370276
2009-07-20,0.4354408061679238
2009-07-21,0.4352063812894197
2009-07-22,0.3953803271261406
2009-07-23,0.4091778948567264
2009-07-24,0.39005544434859274
2009-07-27,0.372047631894978
2009-07-28,0.35527956071460864
2009-07-29,0.35073602854006236
2009-07-30,0.355289006331619
2009-07-31,0.3724057372771883
2009-08-03,0.3717508627119266
2009-08-04,0.3312775966580732
2009-08-05,0.30894824704491286
2009-08-06,0.3034715550128142
2009-08-07,0.3197917228445638
2009-08-10,0.3210466290409505
2009-08-11,0.32379460219331946
2009-08-12,0.30092631928615143
2009-08-13,0.3056360551445314
2009-08-14,0.3014001219516447
2009-08-17,0.32132287079451816
2009-08-18,0.3251880779877484
2009-08-19,0.320783296894661
2009-08-20,0.30386957182625707
2009-08-21,0.29173656276518034
2009-08-24,0.31734746923823964
2009-08-25,0.3149423879919413
2009-08-26,0.32084599135962977
2009-08-27,0.30234077514897617
2009-08-28,0.3021455955292419
2009-08-31,0.307410937493501
2009-09-01,0.3470790229008902
2009-09-02,0.3425586566793102
2009-09-03,0.32806506967573024
2009-09-04,0.3284787564196122
2009-09-07,0.32791563236179366
2009-09-08,0.3283007314628885
2009-09-09,0.3326411046015437
2009-09-10,0.3346985147981335
2009-09-11,0.3273310971624175
2009-09-14,0.32652309988793915
2009-09-15,0.30550099066851955
2009-09-16,0.3045370223147714
2009-09-17,0.31717843853125904
2009-09-18,0.315659408267284
2009-09-21,0.31464599347185984
2009-09-22,0.31787628269774715
2009-09-23,0.3231212583054909
2009-09-24,0.30433437968704935
2009-09-25,0.3077846252191193
2009-09-28,0.29761904507720016
2009-09-29,0.2939299764868716
2009-09-30,0.29410073572496964
2009-10-01,0.3163759757507433
2009-10-05,0.3697282927716927
2009-10-06,0.3201606477853569
2009-10-07,0.32318873888923294
2009-10-08,0.3210978249162397
2009-10-09,0.34136242801868677
2009-10-12,0.34551181648559903
2009-10-13,0.33297008070541756
2009-10-14,0.30487414170346805
2009-10-15,0.30617664540373424
2009-10-16,0.3052700887145632
2009-10-19,0.31459152926004197
2009-10-20,0.32540153228297086
2009-10-21,0.33027834432983616
2009-10-22,0.35461332229169673
2009-10-23,0.3519014718683361
2009-10-26,0.346548922635189
2009-10-27,0.34584620057562754
2009-10-28,0.34325918130754574
2009-10-29,0.34631448091826467
2009-10-30,0.36398666685021386
2009-11-02,0.36220910542399
2009-11-03,0.36652063186955874
2009-11-04,0.36313006084380106
2009-11-05,0.35930317371064313
2009-11-06,0.3505414481863246
2009-11-09,0.3294003597287747
2009-11-10,0.32947424882329346
2009-11-11,0.329956060077361
2009-11-12,0.3299601114070504
2009-11-13,0.31179890378069663
2009-11-16,0.24557923691211167
2009-11-17,0.26760238316206697
2009-11-18,0.2654561353890573
2009-11-19,0.2621493177678683
2009-11-20,0.24611652174433582
2009-11-23,0.23968406600516665
2009-11-24,0.2374434400237531
2009-11-25,0.23639749353684594
2009-11-26,0.2370622283478616
2009-11-27,0.23699655223662533
2009-11-30,0.23381008834980835
2009-12-01,0.225701782834366
2009-12-02,0.22861272735023971
2009-12-03,0.18459594631971774
2009-12-04,0.18326512434777334
2009-12-07,0.18284491811712397
2009-12-08,0.18272957440576196
2009-12-09,0.18599044767955855
2009-12-10,0.18127104407981984
2009-12-11,0.1338447568871524
2009-12-14,0.12010732820732764
2009-12-15,0.10488862759770293
2009-12-16,0.10566790547405583
2009-12-17,0.11351304205132265
2009-12-18,0.12724185144415415
2009-12-21,0.12408524180742439
2009-12-22,0.12428886465407255
2009-12-23,0.1259926566057715
2009-12-24,0.13866611015061356
2009-12-28,0.15039053900708807
2009-12-29,0.15252980846888672
2009-12-30,0.12542360603885103
2009-12-31,0.12724850084107434
2010-01-01,0.12751852938825473
2010-01-04,0.12490385278049523
2010-01-05,0.12608890682545457
2010-01-06,0.12733716885259697
2010-01-07,0.13692236987315035
2010-01-08,0.159604602981724
2010-01-11,0.16345107218387464
2010-01-12,0.15654134472248446
2010-01-13,0.17767791923634665
2010-01-14,0.17256561425140324
2010-01-15,0.17453159009861105
2010-01-18,0.17371905596675255
2010-01-19,0.17355459465490344
2010-01-20,0.18573308611335235
2010-01-21,0.19564531538931199
2010-01-22,0.20110129387353035
2010-01-25,0.20779884192132922
2010-01-27,0.20794907716184804
2010-01-28,0.23674914646159154
2010-01-29,0.271798062441988
2010-02-01,0.26378576817600163
2010-02-02,0.2561840710598058
2010-02-03,0.2554497685861008
2010-02-04,0.29209137914589944
2010-02-05,0.3085411682226419
2010-02-08,0.2956519604781884
2010-02-09,0.29468782541964844
2010-02-10,0.3030191004383942
2010-02-11,0.3025888138139835
2010-02-12,0.3053305849314495
2010-02-15,0.3114816530465353
2010-02-16,0.3114816530465353
2010-02-17,0.3389376620434329
2010-02-18,0.3391252770155888
2010-02-19,0.33648250655143397
2010-02-22,0.3406277873817556
2010-02-23,0.34784659334426726
2010-02-24,0.3616628056803295
2010-02-25,0.3518519145821746
2010-02-26,0.3444053148495939
2010-03-01,0.354470874070849
2010-03-02,0.3639177088580059
2010-03-03,0.36705255873227316
2010-03-04,0.35807161179968305
2010-03-05,0.3574936494186228
2010-03-08,0.3535151690957511
2010-03-09,0.3483273357238653
2010-03-10,0.34834899398026775
2010-03-11,0.33112749647993167
2010-03-12,0.2977492871301254
2010-03-15,0.2923449295159949
2010-03-16,0.2989381888367767
2010-03-17,0.30237088172549753
2010-03-18,0.25705768452851574
2010-03-19,0.22828397360301714
2010-03-22,0.2317335695764606
2010-03-23,0.22151535967544847
2010-03-24,0.212604846972017
2010-03-25,0.21638705855601
2010-03-26,0.21498787449076076
2010-03-29,0.21164538868970076
2010-03-30,0.23342616538355002
2010-03-31,0.2017375303675462
2010-04-01,0.20174681176068607
2010-04-05,0.195573700749912
2010-04-06,0.17795909033257432
2010-04-07,0.16604141929809926
2010-04-08,0.13872751320676216
2010-04-09,0.137367340311456
2010-04-12,0.13403228783619672
2010-04-13,0.12173483727599052
2010-04-14,0.10802906668659093
2010-04-15,0.10480843064948356
2010-04-16,0.1071274294640899
2010-04-19,0.11117387808137089
2010-04-20,0.10677969339104046
2010-04-21,0.10409127777556001
2010-04-22,0.10395528271330437
2010-04-23,0.1010232714574629
2010-04-26,0.10123811459664347
2010-04-27,0.10185809859143805
2010-04-28,0.16134162609254574
2010-04-29,0.1547489598866056
2010-04-30,0.15260806749145414
2010-05-03,0.1522411271825265
2010-05-04,0.15388800689268636
2010-05-05,0.18646487820394383
2010-05-06,0.18605996576005415
2010-05-07,0.18490260686481466
2010-05-10,0.1856604072359256
2010-05-11,0.19043607850440772
2010-05-12,0.15427605483430665
2010-05-13,0.152293334281948
2010-05-14,0.15420405996134492
2010-05-17,0.16756305171494343
2010-05-18,0.22669202919872314
2010-05-19,0.25607882824296135
2010-05-20,0.2578227858301906
2010-05-21,0.26243111290022414
2010-05-24,0.3109560330309661
2010-05-25,0.32308629870277494
2010-05-26,0.3248975395418726
2010-05-27,0.333145960360809
2010-05-28,0.3427465363752974
2010-05-31,0.36113858261578935
2010-06-01,0.36126284819567034
2010-06-02,0.3611843248850486
2010-06-03,0.3615009219220615
2010-06-04,0.3871685116095769
2010-06-07,0.41243012333445517
2010-06-08,0.410616474266558
2010-06-09,0.3832287775196699
2010-06-10,0.3975316906303601
2010-06-11,0.39765728727659255
2010-06-14,0.40101678638593274
2010-06-15,0.4121602084061705
2010-06-16,0.392930431729401
2010-06-17,0.3949284704051218
2010-06-18,0.40674425561776595
2010-06-21,0.4060082226863786
2010-06-22,0.40514276011043227
2010-06-23,0.41818081344035185
2010-06-24,0.42035364537877273
2010-06-25,0.4287956818643194
2010-06-28,0.43777089244815615
2010-06-29,0.39357872797355586
2010-06-30,0.4141127844583431
2010-07-01,0.4123321198801765
2010-07-02,0.41573689944721126
2010-07-05,0.38553045428931365
2010-07-06,0.3752762647382629
2010-07-07,0.3799153141639321
2010-07-08,0.37982313159453907
2010-07-09,0.3712626015803835
2010-07-12,0.34702774307216055
2010-07-13,0.3509626274837916
2010-07-14,0.3503225142320703
2010-07-15,0.3515291520139694
2010-07-16,0.3166126123695945
2010-07-19,0.28957603786355524
2010-07-20,0.2893897681595783
2010-07-21,0.2971051852880746
2010-07-22,0.3056068111352971
2010-07-23,0.31492168986041325
2010-07-26,0.31409730358307764
2010-07-27,0.30518082756397735
2010-07-28,0.3065693340201878
2010-07-29,0.3032669588876047
2010-07-30,0.2856781606458124
2010-08-02,0.2771323342687181
2010-08-03,0.28018847789526324
2010-08-04,0.27409209938736523
2010-08-05,0.2689555370315748
2010-08-06,0.2699766888410161
2010-08-09,0.2473393319312572
2010-08-10,0.23910253337697598
2010-08-11,0.18205438552544803
2010-08-12,0.18893166646034862
2010-08-13,0.17990135172424446
2010-08-16,0.19064475081542356
2010-08-17,0.19243954347115091
2010-08-18,0.1878982966612033
2010-08-19,0.17953331059606512
2010-08-20,0.18218500487957998
2010-08-23,0.18480486293695306
2010-08-24,0.17588955864266873
2010-08-25,0.18125853135822365
2010-08-26,0.17948877349697137
2010-08-27,0.19489390243475782
2010-08-30,0.17490999318111075
2010-08-31,0.17714809468825735
2010-09-01,0.1744571444592232
2010-09-02,0.16848280657394518
2010-09-03,0.1547134743290086
2010-09-06,0.15483228295372184
2010-09-07,0.15389347054947125
2010-09-08,0.15407576728262448
2010-09-09,0.1542058113789944
2010-09-10,0.15826131493265946
2010-09-13,0.16653565770334608
2010-09-14,0.16499587920265227
2010-09-15,0.1624018579021451
2010-09-16,0.15754363016240278
2010-09-17,0.15053475462817742
2010-09-20,0.1477714855301647
2010-09-21,0.15390235744138756
2010-09-22,0.15241249388796926
2010-09-23,0.15568946583244572
2010-09-24,0.1492458232831637
2010-09-27,0.13691948105643706
2010-09-28,0.14552479415719635
2010-09-29,0.1433899616488238
2010-09-30,0.14337574395458483
2010-10-01,0.14000126291668627
2010-10-04,0.13577372643647764
2010-10-05,0.14458406398143328
2010-10-06,0.1538503297378638
2010-10-07,0.1519683943801783
2010-10-08,0.15068511896237688
2010-10-11,0.16273534023314354
2010-10-12,0.15787574691528347
2010-10-13,0.15521095252383485
2010-10-14,0.130121458130012
2010-10-15,0.13313201468961414
2010-10-18,0.13305799058741138
2010-10-19,0.13517075281455718
2010-10-20,0.1488925685579879
2010-10-21,0.14785922924118147
2010-10-22,0.13965058132305638
2010-10-25,0.1307545463055322
2010-10-26,0.1301390106343374
2010-10-27,0.12966961001619817
2010-10-28,0.14881454692194965
2010-10-29,0.14808986087351353
2010-11-01,0.1546350298708747
2010-11-02,0.15133625761943523
2010-11-03,0.15504034857166019
2010-11-04,0.15479032257040173
2010-11-05,0.18140677304503897
2010-11-08,0.18233842761793953
2010-11-09,0.1716609884554284
2010-11-10,0.18268423597053438
2010-11-11,0.19549494457682817
2010-11-12,0.19637714973548445
2010-11-15,0.21414971308698824
2010-11-16,0.2143565066000576
2010-11-17,0.21901411235814186
2010-11-18,0.23555425632628066
2010-11-19,0.2468968219289506
2010-11-22,0.23099538478291623
2010-11-23,0.24247388295338732
2010-11-24,0.24109868550796662
2010-11-25,0.24654773728599408
2010-11-26,0.2446628664317688
2010-11-29,0.24455113891695776
2010-11-30,0.24283966416800082
2010-12-01,0.2418096294622172
2010-12-02,0.253599890098694
2010-12-03,0.25328170485370416
2010-12-06,0.2531844171433222
2010-12-07,0.2496808373837566
2010-12-08,0.2512863995418463
2010-12-09,0.24276499129887344
2010-12-10,0.24344427765700696
2010-12-13,0.23704290660054575
2010-12-14,0.24514124752734365
2010-12-15,0.24424282485797097
2010-12-16,0.24059859835483063
2010-12-17,0.22019616689394508
2010-12-20,0.2206239418135558
2010-12-21,0.22227497871065963
2010-12-22,0.21281106064646496
2010-12-23,0.20139249055441752
2010-12-24,0.2021227092139992
2010-12-27,0.18271691412673804
2010-12-28,0.17598747699808123
2010-12-29,0.15454978353012114
2010-12-30,0.12930362619947947
2010-12-31,0.10239389081301317
2011-01-03,0.10628032480442598
2011-01-04,0.08151565541375919
2011-01-05,0.0947697139328276
2011-01-06,0.09610467359254327
2011-01-07,0.11062266515243782
2011-01-10,0.11712686128444741
2011-01-11,0.11872236790480864
2011-01-12,0.11287930657334341
2011-01-13,0.09837173808358535
2011-01-14,0.10326904502023951
2011-01-17,0.10521999398539969
2011-01-18,0.10403089745414182
2011-01-19,0.10344089600707038
2011-01-20,0.10795025165701463
2011-01-21,0.12206009128334236
2011-01-24,0.12412304230489088
2011-01-25,0.10783379561125042
2011-01-27,0.1224941076226285
2011-01-28,0.12589683609736976
2011-01-31,0.1283731855930366
2011-02-01,0.14168685308757348
2011-02-02,0.14565418344601797
2011-02-03,0.14327079450127808
2011-02-04,0.14248641756966687
2011-02-07,0.14075915254924268
2011-02-08,0.14128213387351093
2011-02-09,0.142058127432912
2011-02-10,0.14571807811507217
2011-02-11,0.14624773355528706
2011-02-14,0.14545895141307444
2011-02-15,0.14314652471024872
2011-02-16,0.1594483132075543
2011-02-17,0.15772730380802072
2011-02-18,0.14980900644821996
2011-02-21,0.1422434979140614
2011-02-22,0.13842934165688678
2011-02-23,0.16845010607482383
2011-02-24,0.1678401544316677
2011-02-25,0.1718016282066255
2011-02-28,0.18761686748847053
2011-03-01,0.18475870056544333
2011-03-02,0.18548529270652983
2011-03-03,0.18376633562115272
2011-03-04,0.17655050613453724
2011-03-07,0.16576702865533174
2011-03-08,0.19446031216979007
2011-03-09,0.19319818132982938
2011-03-10,0.2059588806591656
2011-03-11,0.19660837672256828
2011-03-14,0.19283679863346273
2011-03-15,0.17382119733325305
2011-03-16,0.1633412617916973
2011-03-17,0.17074833772296863
2011-03-18,0.2108014792700241
2011-03-21,0.20833767018178703
2011-03-22,0.21141434528607414
2011-03-23,0.21251986797554548
2011-03-24,0.22942731775265449
2011-03-25,0.2267540882498361
2011-03-28,0.2265090545056049
2011-03-29,0.22235104080345766
2011-03-30,0.21301102899028393
2011-03-31,0.21298612590274904
2011-04-01,0.21395521660929892
2011-04-04,0.21604762903322602
2011-04-05,0.21597407592817977
2011-04-06,0.1941138982070267
2011-04-07,0.1975438536349334
2011-04-08,0.19414001824305435
2011-04-11,0.18271890762615775
2011-04-12,0.18239755266424
2011-04-13,0.1883670317660979
2011-04-14,0.19259454802461431
2011-04-15,0.19228000066655046
2011-04-18,0.19231274435492388
2011-04-19,0.18026405950848165
2011-04-20,0.18921037303122165
2011-04-21,0.17545095083953635
2011-04-25,0.17894270382424374
2011-04-26,0.18929611339363908
2011-04-27,0.1892305673490313
2011-04-28,0.2052511130490602
2011-04-29,0.20114295060384332
2011-05-02,0.17074286588908585
2011-05-03,0.172165031197238
2011-05-04,0.1751858294180861
2011-05-05,0.18752192174833085
2011-05-06,0.1914250491384595
2011-05-09,0.19155144367206836
2011-05-10,0.1954319381585279
2011-05-11,0.19534515756177032
2011-05-12,0.21955357004416745
2011-05-13,0.22585201785484268
2011-05-16,0.2262110269885663
2011-05-17,0.22544816370804568
2011-05-18,0.22579416576390224
2011-05-19,0.24474450679242446
2011-05-20,0.239388575685782
2011-05-23,0.24296147721988134
2011-05-24,0.24717437231092784
2011-05-25,0.24840267763587406
2011-05-26,0.261359469219163
2011-05-27,0.25739374468313736
2011-05-30,0.2639717897160151
2011-05-31,0.2639717897160151
2011-06-01,0.25010047397973345
2011-06-02,0.25300158676104345
2011-06-03,0.24321152849286418
2011-06-06,0.2420735516091412
2011-06-07,0.2345403090136324
2011-06-08,0.23320689202010766
2011-06-09,0.2214905774236278
2011-06-10,0.22146048086121065
2011-06-13,0.21759677061988106
2011-06-14,0.2166216410587947
2011-06-15,0.23057593894417497
2011-06-16,0.22012713990434898
2011-06-17,0.18845376843801107
2011-06-20,0.18885670451003708
2011-06-21,0.1884216200573461
2011-06-22,0.18729597262884504
2011-06-23,0.1528700570317916
2011-06-24,0.14891392839776987
2011-06-27,0.1542017180063239
2011-06-28,0.15589196843946904
2011-06-29,0.15788186789422867
2011-06-30,0.15696268976864738
2011-07-01,0.15113305398963198
2011-07-04,0.14471364866766903
2011-07-05,0.12233867779358701
2011-07-06,0.12352310853963208
2011-07-07,0.10382437883676285
2011-07-08,0.12374525257968269
2011-07-11,0.11965922441545876
2011-07-12,0.12307141122953827
2011-07-13,0.125714763682418
2011-07-14,0.10858495344996408
2011-07-15,0.10998033283290384
2011-07-18,0.10870317777922209
2011-07-19,0.10871520832234291
2011-07-20,0.11464048872921209
2011-07-21,0.11178955730357212
2011-07-22,0.11952185113947197
2011-07-25,0.11191846180338419
2011-07-26,0.11137795206596299
2011-07-27,0.09248539265301842
2011-07-28,0.09786884384754685
2011-07-29,0.09972267180513694
2011-08-01,0.09860377407652737
2011-08-02,0.11160138936915873
2011-08-03,0.11165528879701139
2011-08-04,0.11833720862594752
2011-08-05,0.13044459111088982
2011-08-08,0.13761297708877876
2011-08-09,0.17293747997362632
2011-08-10,0.1719522157117461
2011-08-11,0.15926072870169247
2011-08-12,0.1886238410103376
2011-08-16,0.19044523375591874
2011-08-17,0.19338775220461543
2011-08-18,0.19582792483002062
2011-08-19,0.19783009392412246
2011-08-22,0.17777440399822722
2011-08-23,0.17692078927308666
2011-08-24,0.1768999956293961
2011-08-25,0.1712089072657946
2011-08-26,0.19625298469677507
2011-08-29,0.19598852163239047
2011-08-30,0.1945396301582669
2011-08-31,0.19908615127483018
2011-09-01,0.2036536055579404
2011-09-02,0.20386273026562932
2011-09-05,0.20316852441152425
2011-09-06,0.20229337756782725
2011-09-07,0.20520349243533256
2011-09-08,0.20799025051096784
2011-09-09,0.20437843076813825
2011-09-12,0.22318014261606042
2011-09-13,0.22328955241955242
2011-09-14,0.21712371134912808
2011-09-15,0.21712568640624066
2011-09-16,0.22094871037540695
2011-09-19,0.21576256599832053
2011-09-20,0.231200664508699
2011-09-21,0.20087864993910357
2011-09-22,0.19996149731688836
2011-09-23,0.2690086868520095
2011-09-26,0.2823308328094565
2011-09-27,0.2794463488032438
2011-09-28,0.3130103734050299
2011-09-29,0.376627186478642
2011-09-30,0.3761890279514122
2011-10-03,0.38527812759252156
2011-10-04,0.38866990316587635
2011-10-05,0.39014080688489083
2011-10-06,0.38961501051186687
2011-10-07,0.4132514345155336
2011-10-10,0.41461260469518446
2011-10-11,0.43143891345316343
2011-10-12,0.4331007352048919
2011-10-13,0.4493156521650926
2011-10-14,0.45944259543402144
2011-10-17,0.47958683171419636
2011-10-18,0.48032002375177907
2011-10-19,0.47971820037468793
2011-10-20,0.4822271772875294
2011-10-21,0.510948247589437
2011-10-24,0.5631321898680188
2011-10-25,0.621043489801592
2011-10-26,0.6216456439302259
2011-10-27,0.628065924019113
2011-10-28,0.6644621011434199
2011-10-31,0.6641176145606991
2011-11-01,0.6568395948289594
2011-11-02,0.6678655015444573
2011-11-03,0.6759834684175959
2011-11-04,0.6378010756075201
2011-11-07,0.6143687839509239
2011-11-08,0.6156100449437408
2011-11-09,0.5994047756712336
2011-11-10,0.5494946559004561
2011-11-11,0.5558827493172198
2011-11-14,0.5566539033275074
2011-11-15,0.5562207784766677
2011-11-16,0.549868727524951
2011-11-17,0.5497026622463121
2011-11-18,0.5457311901774177
2011-11-21,0.5487298924824293
2011-11-22,0.5481783440898367
2011-11-23,0.548125062149839
2011-11-24,0.5449066543598743
2011-11-25,0.5304210716642209
2011-11-28,0.517205068271229
2011-11-29,0.5216892567013194
2011-11-30,0.521651762175842
2011-12-01,0.5481169036560962
2011-12-02,0.5083013333829457
2011-12-05,0.4640083124403004
2011-12-06,0.40513558940038463
2011-12-07,0.4044241934714823
2011-12-08,0.3996595926322034
2011-12-09,0.34551202529894887
2011-12-12,0.35357589455256166
2011-12-13,0.356636733785084
2011-12-14,0.337056863382734
2011-12-15,0.36616404727416785
2011-12-16,0.3672086777340041
2011-12-19,0.365209134476118
2011-12-20,0.3642862290945085
2011-12-21,0.37055479813154724
2011-12-22,0.363679442338797
2011-12-23,0.355769155514832
2011-12-26,0.33652990723672804
2011-12-27,0.3365247771252614
2011-12-28,0.3381229028422359
2011-12-29,0.3391263035946658
2011-12-30,0.3161906754903173
2012-01-02,0.315891098802655
2012-01-03,0.30369065741355894
2012-01-04,0.3015474022507131
2012-01-05,0.3027113845593794
2012-01-06,0.30523085764593283
2012-01-09,0.3049752929587176
2012-01-10,0.29590332598658065
2012-01-11,0.3019495695581642
2012-01-12,0.22498916127292093
2012-01-13,0.2387276588209096
2012-01-16,0.24079442553427824
2012-01-17,0.238795727171728
2012-01-18,0.24255762041759574
2012-01-19,0.2420116398326275
2012-01-20,0.23940770495063637
2012-01-23,0.23107295746099607
2012-01-24,0.21987250660386912
2012-01-25,0.21747736801552484
2012-01-27,0.16941852516745856
2012-01-30,0.1742416183147891
2012-01-31,0.18508833149095963
2012-02-01,0.18588357399698494
2012-02-02,0.1792919396235372
2012-02-03,0.19813935409113112
2012-02-06,0.215610888912271
2012-02-07,0.2184610702388626
2012-02-08,0.2196010159811523
2012-02-09,0.2156925381796956
2012-02-10,0.22316682678156188
2012-02-13,0.23874959961505784
2012-02-14,0.23737848157223915
2012-02-15,0.23864938488973256
2012-02-16,0.22327545960075793
2012-02-17,0.201481176626456
2012-02-20,0.21369536406536974
2012-02-21,0.21354972714706524
2012-02-22,0.23591521775220894
2012-02-23,0.22866873449860506
2012-02-24,0.23028408226579175
2012-02-27,0.21048769310306967
2012-02-28,0.20750232363918467
2012-02-29,0.20979589366514875
2012-03-01,0.2077874270742777
2012-03-02,0.21801712543002713
2012-03-05,0.21776617733806405
2012-03-06,0.21262219824431197
2012-03-07,0.2280473280203447
2012-03-08,0.23688895745127644
2012-03-09,0.22150193443399138
2012-03-12,0.21984280519208207
2012-03-13,0.21146292014402543
2012-03-14,0.215442892371511
2012-03-15,0.21766234417098382
2012-03-16,0.2095909197339708
2012-03-19,0.1905976376452085
2012-03-20,0.1833426787563809
2012-03-21,0.19171671677812793
2012-03-22,0.19112838181620642
2012-03-23,0.18348284034197107
2012-03-26,0.17295005665524485
2012-03-27,0.18928659063655043
2012-03-28,0.19122847879523633
2012-03-29,0.2058186636718046
2012-03-30,0.20593107466255986
2012-04-02,0.1900814770211847
2012-04-03,0.2031321162102718
2012-04-04,0.1857785673198015
2012-04-05,0.2029896101322378
2012-04-09,0.20117771758896016
2012-04-10,0.2052842995618447
2012-04-11,0.21556464336559075
2012-04-12,0.21304838399012635
2012-04-13,0.21812325341165642
2012-04-16,0.2240732560040741
2012-04-17,0.22486614698362048
2012-04-18,0.22554797806811874
2012-04-19,0.20746414739115135
2012-04-20,0.19902646680623245
2012-04-23,0.21020822284007154
2012-04-24,0.21500264349716477
2012-04-25,0.2280482506471843
2012-04-26,0.2226883942806904
2012-04-27,0.22723921681997347
2012-04-30,0.22466528223418233
2012-05-01,0.22421773438721024
2012-05-02,0.2240270490349204
2012-05-03,0.21666285324635495
2012-05-04,0.21625307737887603
2012-05-07,0.20997501088306628
2012-05-08,0.20816602231311707
2012-05-09,0.21955665912814884
2012-05-10,0.2186604445224619
2012-05-11,0.205950465602423
2012-05-14,0.20630925431515054
2012-05-15,0.22032017747988927
2012-05-16,0.20358776928109187
2012-05-17,0.20069570000442424
2012-05-18,0.1869020476418035
2012-05-21,0.1879938279382585
2012-05-22,0.18244581968342097
2012-05-23,0.1697745531827213
2012-05-24,0.1714221482878623
2012-05-25,0.1671133804380354
2012-05-28,0.14600315694777968
2012-05-29,0.14549939059768582
2012-05-30,0.1450503470116569
2012-05-31,0.14970102224996876
2012-06-01,0.14850712612349007
2012-06-04,0.15179272493372895
2012-06-05,0.14747373768316072
2012-06-06,0.12721069340667177
2012-06-07,0.15133718353499456
2012-06-08,0.13871440058289172
2012-06-11,0.13882938128653396
2012-06-12,0.14930178846162365
2012-06-13,0.15564746057630804
2012-06-14,0.15501291942601494
2012-06-15,0.155049178051648
2012-06-18,0.15668219510251982
2012-06-19,0.1544173407335989
2012-06-20,0.1301848474966725
2012-06-21,0.13654337774371958
2012-06-22,0.14233325237912828
2012-06-25,0.14819190667038287
2012-06-26,0.13008392247654507
2012-06-27,0.130766198699143
2012-06-28,0.1363250654825979
2012-06-29,0.14137886186676737
2012-07-02,0.18193571175580972
2012-07-03,0.18252043530391662
2012-07-04,0.18396252720863257
2012-07-05,0.18210799266529035
2012-07-06,0.1778798884538297
2012-07-09,0.18549843048655393
2012-07-10,0.1940898313083523
2012-07-11,0.19894618448121507
2012-07-12,0.1952847653296265
2012-07-13,0.19563482276341868
2012-07-16,0.19380304643741017
2012-07-17,0.20192603271558887
2012-07-18,0.20186660512767138
2012-07-19,0.18681034142121047
2012-07-20,0.1917605744225633
2012-07-23,0.20238529946023862
2012-07-24,0.1996556842729109
2012-07-25,0.196144365422142
2012-07-26,0.2001467064967926
2012-07-27,0.20011212705478068
2012-07-30,0.19848346661276597
2012-07-31,0.19865541224118713
2012-08-01,0.19041040749226565
2012-08-02,0.192375658022537
2012-08-03,0.19562690855055068
2012-08-06,0.21368543922790104
2012-08-07,0.21358827344243278
2012-08-08,0.21790404748652145
2012-08-09,0.21678070981156058
2012-08-10,0.21313629435705347
2012-08-13,0.17365390737498734
2012-08-14,0.1753117644306442
2012-08-16,0.17511345260660352
2012-08-17,0.18343551740665384
2012-08-20,0.18227598357184469
2012-08-21,0.17973329930323698
2012-08-22,0.18405451336376985
2012-08-23,0.17858669285603904
2012-08-24,0.17811703294582062
2012-08-27,0.1776963309404209
2012-08-28,0.15931950887212995
2012-08-29,0.14829383853660874
2012-08-30,0.1497181731631714
2012-08-31,0.14723923512066175
2012-09-03,0.13728059602144602
2012-09-04,0.10829990834643369
2012-09-05,0.10501448652153714
2012-09-06,0.12215598706337236
2012-09-07,0.11795777959796908
2012-09-10,0.14086802896618802
2012-09-11,0.14195623740965332
2012-09-12,0.14147400783899997
2012-09-13,0.1431526259696436
2012-09-14,0.12939059407265543
2012-09-17,0.11811933683808443
2012-09-18,0.12354100412066996
2012-09-19,0.12161829468595511
2012-09-20,0.11651092587051712
2012-09-21,0.1176631456870362
2012-09-24,0.11786702732276219
2012-09-25,0.14388390278475607
2012-09-26,0.14166406782867866
2012-09-27,0.1484607143523641
2012-09-28,0.14218204075559934
2012-10-01,0.14380731244946518
2012-10-03,0.1395369749376046
2012-10-04,0.13398755467254206
2012-10-05,0.13577570764943062
2012-10-08,0.13813750142690936
2012-10-09,0.13889866476549398
2012-10-10,0.13906762401700254
2012-10-11,0.143922703559387
2012-10-12,0.14371233168066735
2012-10-15,0.15752737003353987
2012-10-16,0.15834427364543166
2012-10-17,0.1597321452445404
2012-10-18,0.16339701341928434
2012-10-19,0.14710093101823665
2012-10-22,0.1536090877675176
2012-10-23,0.12739358968770562
2012-10-24,0.13096474378440806
2012-10-25,0.12896028359416598
2012-10-26,0.12861970175187878
2012-10-29,0.12500147029519817
2012-10-30,0.11004574387281149
2012-10-31,0.09908092936711232
2012-11-01,0.09838459673550501
2012-11-02,0.09627262831260303
2012-11-05,0.10656126002289049
2012-11-06,0.10819790131715848
2012-11-07,0.10330363131617545
2012-11-08,0.11594976807430343
2012-11-09,0.11903816681616294
2012-11-12,0.11988550084261726
2012-11-13,0.1315999443976675
2012-11-14,0.12463079483676484
2012-11-15,0.12050505021634031
2012-11-16,0.12024144168658149
2012-11-19,0.11812552972591336
2012-11-20,0.13385817138774989
2012-11-21,0.13403644580701715
2012-11-22,0.12811270960772006
2012-11-23,0.12442934761609672
2012-11-26,0.1162781421025483
2012-11-27,0.11693907746574819
2012-11-28,0.11552527457588271
2012-11-29,0.11104156956706021
2012-11-30,0.1136686793985007
2012-12-03,0.1057860320595915
2012-12-04,0.10687045523613273
2012-12-05,0.09625030468587395
2012-12-06,0.096093595109011
2012-12-07,0.10334772244093662
2012-12-10,0.10331286890608818
2012-12-11,0.10143893690955683
2012-12-12,0.10142329388399637
2012-12-13,0.10245833830019549
2012-12-14,0.11356701092819196
2012-12-17,0.09396268039260783
2012-12-18,0.0940261069224877
2012-12-19,0.08108346011146672
2012-12-20,0.06300889826971776
2012-12-21,0.0741432658205792
2012-12-24,0.07596288165823392
2012-12-26,0.0668836367461518
2012-12-27,0.07221617596755364
2012-12-28,0.07077235031213949
2013-01-01,0.07629424507853802
2013-01-02,0.07562527697131699
2013-01-03,0.06734391304125018
2013-01-04,0.06765451558157148
2013-01-07,0.06744882186968015
2013-01-08,0.06783818467863131
2013-01-09,0.0636797696429747
2013-01-10,0.06403565899879704
2013-01-11,0.06456318107123263
2013-01-14,0.07676885268673825
2013-01-15,0.074363614304372
2013-01-16,0.07434637138119757
2013-01-17,0.07160598176787975
2013-01-18,0.07615510773666587
2013-01-21,0.07862480478424042
2013-01-22,0.07129656176030463
2013-01-23,0.0713371572474675
2013-01-24,0.06200083408975374
2013-01-25,0.06073887882216622
2013-01-28,0.058122384026411816
2013-01-29,0.047329400857608034
2013-01-30,0.044262921479618966
2013-01-31,0.05274995893881684
2013-02-01,0.05728148771303623
2013-02-04,0.05567497595388324
2013-02-05,0.04598703337414928
2013-02-06,0.039961854332300456
2013-02-07,0.04550265277309204
2013-02-08,0.038982965820881066
2013-02-11,0.051873001226975496
2013-02-12,0.047313699687862254
2013-02-13,0.052868702120972194
2013-02-14,0.041578354903684306
2013-02-15,0.04059976958092143
2013-02-18,0.040688227973226715
2013-02-19,0.040546463655518616
2013-02-20,0.05435562639586142
2013-02-21,0.06269961259478368
2013-02-22,0.06293507583059996
2013-02-25,0.053578090254070176
2013-02-26,0.0537417865761626
2013-02-27,0.05682313401520639
2013-02-28,0.06044469039540798
2013-03-01,0.053089827402675954
2013-03-04,0.053343778595587005
2013-03-05,0.05956720607096
2013-03-06,0.05982949024249487
2013-03-07,0.06057396627510722
2013-03-08,0.06456047167036671
2013-03-11,0.06761819469216279
2013-03-12,0.06747442040891807
2013-03-13,0.07276464934204763
2013-03-14,0.06916284728125352
2013-03-15,0.07097876324639521
2013-03-18,0.06258019848714397
2013-03-19,0.0802604377950453
2013-03-20,0.07773461596581163
2013-03-21,0.08508416392431217
2013-03-22,0.08546698793413293
2013-03-25,0.07699268671732984
2013-03-26,0.07848121557635707
2013-03-27,0.07189240357080845
2013-03-28,0.07222891027076103
2013-04-01,0.07431332390450007
2013-04-02,0.0743684621062117
2013-04-03,0.0744021278718999
2013-04-04,0.06849281702255033
2013-04-05,0.06787894542285508
2013-04-08,0.06725297830169014
2013-04-09,0.06815515759972587
2013-04-10,0.07982168930035302
2013-04-11,0.07801780442458248
2013-04-12,0.07551959631091246
2013-04-15,0.100062426610103
2013-04-16,0.1105116608416408
2013-04-17,0.10614025773099509
2013-04-18,0.16103814375656425
2013-04-19,0.16427559716187243
2013-04-22,0.16563810210116034
2013-04-23,0.16478416834458934
2013-04-24,0.16519401895110405
2013-04-25,0.1759083358465194
2013-04-26,0.19297355181049317
2013-04-29,0.19196663981821874
2013-04-30,0.19762753158044247
2013-05-01,0.1876700540110954
2013-05-02,0.21389043289027657
2013-05-03,0.2058599274356598
2013-05-06,0.32461398184767387
2013-05-07,0.3219029506786446
2013-05-08,0.3208615902121382
2013-05-09,0.32801450215758887
2013-05-10,0.32884819056101267
2013-05-13,0.3291387621182108
2013-05-14,0.32943038420127335
2013-05-15,0.34302813806853005
2013-05-16,0.34050822646441736
2013-05-17,0.3399324608627897
2013-05-20,0.3422005548435001
2013-05-21,0.3453859910786513
2013-05-22,0.3407964773538674
2013-05-23,0.34791806909870915
2013-05-24,0.35146059671142915
2013-05-27,0.340046220713511
2013-05-28,0.3318677615548159
2013-05-29,0.33272637329578403
2013-05-30,0.2906879633322279
2013-05-31,0.2902562829456028
2013-06-03,0.2814521558588605
2013-06-04,0.2826012113640527
2013-06-05,0.2801749340811387
2013-06-06,0.27513949071273747
2013-06-07,0.2689703129097819
2013-06-10,0.2716542894029953
2013-06-11,0.27050598996634034
2013-06-12,0.2652462275366343
2013-06-13,0.2319345906517233
2013-06-14,0.2362957796775473
2013-06-17,0.1052051990367546
2013-06-18,0.10524285768048777
2013-06-19,0.10513008938704319
2013-06-20,0.09340727726477877
2013-06-21,0.09470663747963157
2013-06-24,0.09246547132765381
2013-06-25,0.0998750279576302
2013-06-26,0.08088039641752359
2013-06-27,0.08278011389261658
2013-06-28,0.08955504593866304
2013-07-01,0.0951782038269536
2013-07-02,0.11150845563312464
2013-07-03,0.11048123287696923
2013-07-04,0.11284159682678771
2013-07-05,0.1042898616447672
2013-07-08,0.13602394366082068
2013-07-09,0.15181363955158025
2013-07-10,0.1736305078274982
2013-07-11,0.1760397890791243
2013-07-12,0.1861735837651616
2013-07-15,0.18650428282534867
2013-07-16,0.1820602368855305
2013-07-17,0.1775163300463021
2013-07-18,0.1869459847603693
2013-07-19,0.18695672043185893
2013-07-22,0.178677237459583
2013-07-23,0.17775972756875488
2013-07-24,0.17905990779379102
2013-07-25,0.18196781431252598
2013-07-26,0.18007653134352966
2013-07-29,0.19779332063326768
2013-07-30,0.19922873765532126
2013-07-31,0.20320038357446898
2013-08-01,0.2555350240934554
2013-08-02,0.2541767163496954
2013-08-05,0.2539484191118515
2013-08-06,0.24585375567234305
2013-08-07,0.24469889905995754
2013-08-08,0.24283785831654744
2013-08-09,0.2514779471387678
2013-08-12,0.24483007980268315
2013-08-13,0.23491418873656864
2013-08-14,0.2382251836525854
2013-08-16,0.23015160338705423
2013-08-19,0.23239771356578523
2013-08-20,0.2022250376379703
2013-08-21,0.20320853857440316
2013-08-22,0.18444174195485516
2013-08-23,0.21298199904405538
2013-08-26,0.21044882451070965
2013-08-27,0.21950916192757255
2013-08-28,0.22922660224169336
2013-08-29,0.2301698265150958
2013-08-30,0.2190665505873636
2013-09-02,0.238333152709827
2013-09-03,0.23883247057515752
2013-09-04,0.25271849283793213
2013-09-05,0.2636526617501346
2013-09-06,0.26658272056903
2013-09-09,0.26388465642529424
2013-09-10,0.24120819258402984
2013-09-11,0.2721580514430929
2013-09-12,0.2685441729692356
2013-09-13,0.23672534602443565
2013-09-16,0.2357072444888985
2013-09-17,0.2423925120868992
2013-09-18,0.24619143520981276
2013-09-19,0.24626309258363263
2013-09-20,0.24613408333835465
2013-09-23,0.23188473151669184
2013-09-24,0.22960277149142275
2013-09-25,0.23159168517000192
2013-09-26,0.22715425336772396
2013-09-27,0.22599386080646852
2013-09-30,0.22193045728606028
2013-10-01,0.22666676322320825
2013-10-03,0.21353340320606176
2013-10-04,0.2198459582508179
2013-10-07,0.17791278469917313
2013-10-08,0.17894267790013843
2013-10-09,0.1733393300188937
2013-10-10,0.156402090884286
2013-10-11,0.1540395857119171
2013-10-14,0.15490961681954515
2013-10-15,0.14253890723544213
2013-10-16,0.15839017729873286
2013-10-17,0.1268829591035601
2013-10-18,0.11948029796586515
2013-10-21,0.11472446836590919
2013-10-22,0.11504266596303167
2013-10-23,0.12265375857009306
2013-10-24,0.10950902107303942
2013-10-25,0.1085995726449476
2013-10-28,0.09864010642153515
2013-10-29,0.09872236727751868
2013-10-30,0.0906434499279345
2013-10-31,0.09088649969222487
2013-11-01,0.08628162918230425
2013-11-04,0.08874170997027003
2013-11-05,0.09560388222346061
2013-11-06,0.09554630599362324
2013-11-07,0.09224709739078124
2013-11-08,0.09909107430250633
2013-11-11,0.0993966283313985
2013-11-12,0.10381457893438814
2013-11-13,0.09695534388041693
2013-11-14,0.11192068866857621
2013-11-15,0.09893754481159459
2013-11-18,0.0994032473870248
2013-11-19,0.10472262924981343
2013-11-20,0.10491641517711744
2013-11-21,0.09870341892408899
2013-11-22,0.1047716271344398
2013-11-25,0.10425882709910009
2013-11-26,0.10487429049004396
2013-11-27,0.08970006801092109
2013-11-28,0.0906755590220556
2013-11-29,0.0899019461881965
2013-12-02,0.09342317908348549
2013-12-03,0.10372670450234553
2013-12-04,0.0946193861436726
2013-12-05,0.09816859264050998
2013-12-06,0.1080256806914335
2013-12-09,0.1081779939575763
2013-12-10,0.10889218047825258
2013-12-11,0.10908782666820846
2013-12-12,0.10510231858535016
2013-12-13,0.10328215801406707
2013-12-16,0.10768577689740058
2013-12-17,0.10056479408307775
2013-12-18,0.10168450870965098
2013-12-19,0.10085286419298015
2013-12-20,0.09390805554390699
2013-12-23,0.09340501933718093
2013-12-24,0.0895831346739196
2013-12-26,0.10132374370852434
2013-12-27,0.0824288558407314
2013-12-30,0.07843452012006114
2013-12-31,0.07878915512806448
2014-01-01,0.06835388226169595
2014-01-02,0.06699424957149072
2014-01-03,0.06822270775628334
2014-01-06,0.05994465812767069
2014-01-07,0.057202298678244584
2014-01-08,0.056108955109529124
2014-01-09,0.05741079308085903
2014-01-10,0.0656458138537338
2014-01-13,0.06822638246227852
2014-01-14,0.06632520759393276
2014-01-15,0.05124855438836837
2014-01-16,0.05230027737972534
2014-01-17,0.024730255192002365
2014-01-20,0.008324095764368128
2014-01-21,0.0070534961403981855
2014-01-22,0.0058657062874583055
2014-01-23,0.005690302118059987
2014-01-24,0.013527016265370312
2014-01-27,0.01231018102536105
2014-01-28,0.003077646728507688
2014-01-29,0.0019463843997163388
2014-01-30,0.016237123580578605
2014-01-31,0.017548364323321464
2014-02-03,0.026249113372175725
2014-02-04,0.025902162344173363
2014-02-05,0.025997199391753212
2014-02-06,0.0058765398374737154
2014-02-07,0.012697564970328312
2014-02-10,0.012628558803501444
2014-02-11,0.013603276099780348
2014-02-12,0.013044219193182216
2014-02-13,0.017664289722499255
2014-02-14,0.017248213523656908
2014-02-17,0.018869523581661357
2014-02-18,0.018869523581661357
2014-02-19,0.019998110307749062
2014-02-20,0.017634390677888134
2014-02-21,0.006744776760721133
2014-02-24,0.0018942616436982695
2014-02-25,0.00329257438209149
2014-02-26,0.004524209476651941
2014-02-27,0.0011759572327511292
2014-02-28,0.0
2014-03-03,0.0006435328751822067
2014-03-04,0.03125763112927765
2014-03-05,0.041255725423233164
2014-03-06,0.04121808881442915
2014-03-07,0.03260653202298827
2014-03-10,0.12345584763316778
2014-03-11,0.12507864650304365
2014-03-12,0.15494553009208697
2014-03-13,0.15596488250427912
2014-03-14,0.1573013728727122
2014-03-17,0.1681926661997474
2014-03-18,0.16842636962089377
2014-03-19,0.1685496871285904
2014-03-20,0.1777454427852099
2014-03-21,0.17675107851441466
2014-03-24,0.1794313147769078
2014-03-25,0.17970548461809657
2014-03-26,0.19078377384070802
2014-03-27,0.19344685830140315
2014-03-28,0.1971818296624457
2014-03-31,0.20550133613336577
2014-04-01,0.2052272222719498
2014-04-02,0.20487828054441024
2014-04-03,0.2044880369467487
2014-04-04,0.20481916525936186
2014-04-07,0.2048425275270688
2014-04-08,0.20479318751563022
2014-04-09,0.20608811099309013
2014-04-10,0.20602339004558132
2014-04-11,0.20774374028926637
2014-04-14,0.20703858495433156
2014-04-15,0.1950239240258669
2014-04-16,0.1954072481848668
2014-04-17,0.20154982172443828
2014-04-21,0.20513982630848807
2014-04-22,0.14024323241081985
2014-04-23,0.13819750729309685
2014-04-25,0.1186132562869184
2014-04-28,0.1164661404234403
2014-04-29,0.11684326616136223
2014-04-30,0.11352076329289931
2014-05-01,0.12463790459412158
2014-05-02,0.12154590140081908
2014-05-05,0.12100260012700073
2014-05-06,0.10956968488966026
2014-05-07,0.10880615097871152
2014-05-08,0.11125718767598222
2014-05-09,0.10422336504662502
2014-05-12,0.09141243421937242
2014-05-13,0.09768793482520252
2014-05-14,0.08995522917309515
2014-05-15,0.09008780322791296
2014-05-16,0.09633216824837312
2014-05-19,0.09964285953901225
2014-05-20,0.09967632901521756
2014-05-21,0.09978365813100437
2014-05-22,0.10153915780289577
2014-05-23,0.10127620332222984
2014-05-26,0.10237353153015674
2014-05-27,0.1016048176149191
2014-05-28,0.10726356440248766
2014-05-29,0.10729903245515962
2014-05-30,0.09854610527385413
2014-06-02,0.09420363929041975
2014-06-03,0.10147255900140187
2014-06-04,0.10498690680665276
2014-06-05,0.10690963495678305
2014-06-06,0.07525848457354672
2014-06-09,0.08159285607056713
2014-06-10,0.07492009669673239
2014-06-11,0.07275718597120495
2014-06-12,0.06102019949201595
2014-06-13,0.0634640504722919
2014-06-16,0.05652806162588592
2014-06-17,0.06543652416537785
2014-06-18,0.06887056268363498
2014-06-19,0.06449536204905662
2014-06-20,0.06169002825040418
2014-06-23,0.0734887091964572
2014-06-24,0.06526721301910499
2014-06-25,0.06509509519548018
2014-06-26,0.06512897854788546
2014-06-27,0.058868413889860915
2014-06-30,0.05625849593195095
2014-07-01,0.061936663683255316
2014-07-02,0.062220461301171176
2014-07-03,0.06917791301025172
2014-07-04,0.06931635984942652
2014-07-07,0.06858692588198365
2014-07-08,0.0690683431705656
2014-07-09,0.06458830157995193
2014-07-10,0.06558032794900678
2014-07-11,0.057912835180544076
2014-07-14,0.05720444344843992
2014-07-15,0.05227800246660605
2014-07-16,0.046866806718477705
2014-07-17,0.0459148189416462
2014-07-18,0.04541642777106006
2014-07-21,0.037051027745381104
2014-07-22,0.0345728755483839
2014-07-23,0.033719181520738495
2014-07-24,0.032825431494509616
2014-07-25,0.03512839788647479
2014-07-28,0.037755920844426055
2014-07-29,0.028898561189834526
2014-07-30,0.030358350325088684
2014-07-31,0.030315037545517703
2014-08-01,0.030690623833572933
2014-08-04,0.01570656220872918
2014-08-05,0.01978871987664549
2014-08-06,0.033312599599761544
2014-08-07,0.03209802041913437
2014-08-08,0.03234121672837634
2014-08-11,0.029593547990946073
2014-08-12,0.025580360869680213
2014-08-13,0.025971857605522508
2014-08-14,0.017665600614925087
2014-08-18,0.018973363463059056
2014-08-19,0.019410891183194362
2014-08-20,0.02582365670176978
2014-08-21,0.0641703531675388
2014-08-22,0.06366431463610248
2014-08-25,0.0609212154308818
2014-08-26,0.060111890758334285
2014-08-27,0.05992021709585699
2014-08-28,0.05938924800264686
2014-08-29,0.06509726490007717
2014-09-01,0.06545856724102889
2014-09-02,0.06295236131567594
2014-09-03,0.06629921928964733
2014-09-04,0.06955633489166443
2014-09-05,0.07144777975572658
2014-09-08,0.06189323609863959
2014-09-09,0.06111331553092378
2014-09-10,0.07438898253814455
2014-09-11,0.07704032887813697
2014-09-12,0.07427970483400248
2014-09-15,0.07505363342881138
2014-09-16,0.07391859727861755
2014-09-17,0.10007609544972698
2014-09-18,0.0955465273773651
2014-09-19,0.1019273698677596
2014-09-22,0.10131186786453258
2014-09-23,0.11056814198996465
2014-09-24,0.10975517720475839
2014-09-25,0.11290578966613238
2014-09-26,0.10978743007350031
2014-09-29,0.11357123027547214
2014-09-30,0.11423851489019973
2014-10-01,0.11521333302950634
2014-10-03,0.08499954122481349
2014-10-06,0.08478909692134859
2014-10-07,0.09124669754610762
2014-10-08,0.09074758686520806
2014-10-09,0.09145863239876528
2014-10-10,0.09176106812593515
2014-10-13,0.08331706143157011
2014-10-14,0.08347037471452382
2014-10-16,0.08918158721689529
2014-10-17,0.08538335558861418
2014-10-20,0.08677866077756058
2014-10-21,0.08840189503775134
2014-10-22,0.0951215704805991
2014-10-23,0.09540966347947474
2014-10-24,0.08548704907053944
2014-10-27,0.08171549359872013
2014-10-28,0.0835096151256135
2014-10-29,0.0883429066461551
2014-10-30,0.0878957351772304
2014-10-31,0.06011727157304367
2014-11-03,0.057811063245310074
2014-11-04,0.05092552781475773
2014-11-05,0.06023366284420811
2014-11-06,0.04678600894015403
2014-11-07,0.04730247430739801
2014-11-10,0.0476960724442895
2014-11-11,0.0472300161351952
2014-11-12,0.0432989814018315
2014-11-13,0.042866764038462096
2014-11-14,0.03835054642578187
2014-11-17,0.055091426144397715
2014-11-18,0.05531853986577234
2014-11-19,0.05333076394311942
2014-11-20,0.06182374704625043
2014-11-21,0.05775664055706803
2014-11-24,0.057689648446762304
2014-11-25,0.06339436520976593
2014-11-26,0.06907118711022728
2014-11-27,0.062301990230365756
2014-11-28,0.06189745702801758
2014-12-01,0.09937533595432332
2014-12-02,0.1066091018928754
2014-12-03,0.09967482685529572
2014-12-04,0.10069199308517093
2014-12-05,0.10718140245595018
2014-12-08,0.10752497429428123
2014-12-09,0.10503161683148135
2014-12-10,0.10733021952344343
2014-12-11,0.10933661866609298
2014-12-12,0.11457657096064047
2014-12-15,0.11663784789199802
2014-12-16,0.1224962320247592
2014-12-17,0.11686162144791815
2014-12-18,0.1182930006602371
2014-12-19,0.12094143348855738
2014-12-22,0.11952860184944405
2014-12-23,0.11818308016706822
2014-12-24,0.116887269563237
2014-12-26,0.11696399929936022
2014-12-29,0.11843754583604418
2014-12-30,0.10455621848370919
2014-12-31,0.11180441743313388
2015-01-01,0.11736287241049062
2015-01-02,0.10816001369116926
2015-01-05,0.10809425851702506
2015-01-06,0.11597182597353481
2015-01-07,0.11290168650797264
2015-01-08,0.10887574624504634
2015-01-09,0.10892810031097508
2015-01-12,0.11463327910188062
2015-01-13,0.08448829702040825
2015-01-14,0.10434627740089972
2015-01-15,0.18258263622703916
2015-01-16,0.19221995736288613
2015-01-19,0.20552481508983753
2015-01-20,0.20582471703925773
2015-01-21,0.20676618752612655
2015-01-22,0.19996404280056188
2015-01-23,0.2003845695443812
2015-01-27,0.1954793263638083
2015-01-28,0.20998566673471206
2015-01-29,0.21127782587239388
2015-01-30,0.2084823555139059
2015-02-02,0.22392955277463314
2015-02-03,0.22418563626156926
2015-02-04,0.2570403557854364
2015-02-05,0.2581485385820138
2015-02-06,0.2590847484684512
2015-02-09,0.25915763625632005
2015-02-10,0.2596032116527871
2015-02-11,0.26084540296834446
2015-02-12,0.2541639431106526
2015-02-13,0.2740157386244455
2015-02-17,0.27377481940245496
2015-02-18,0.27424874896110474
2015-02-19,0.2760354557395053
2015-02-20,0.2763312639834097
2015-02-23,0.2774461267886137
2015-02-24,0.27743467190959037
2015-02-25,0.2873535417110731
2015-02-26,0.2837603385830516
2015-02-27,0.2684485934762476
2015-03-02,0.19419989791491768
2015-03-03,0.19201328622135108
2015-03-04,0.1834423200496166
2015-03-05,0.18345795513425153
2015-03-06,0.18057808140712536
2015-03-09,0.18868388723674193
2015-03-10,0.20707914849830686
2015-03-11,0.20640165338044877
2015-03-12,0.17436400466854676
2015-03-13,0.17999862155078802
2015-03-16,0.1750624012515117
2015-03-17,0.16493855859353987
2015-03-18,0.17407259161918323
2015-03-19,0.16240266731813116
2015-03-20,0.18759021232908138
2015-03-23,0.22323513361720285
2015-03-24,0.2218430986841328
2015-03-25,0.2217753431913899
2015-03-26,0.21476589892553224
2015-03-27,0.21618801955605169
2015-03-30,0.2096107157910019
2015-03-31,0.2089677336981551
2015-04-01,0.21460992458929282
2015-04-02,0.21120542728686317
2015-04-06,0.2124935147323421
2015-04-07,0.21480825626112096
2015-04-08,0.22251103344058773
2015-04-09,0.21557058171175772
2015-04-10,0.21578680993638263
2015-04-13,0.2090298038623906
2015-04-14,0.20971531423181736
2015-04-15,0.20999204659822648
2015-04-16,0.20385904838427057
2015-04-17,0.21500353148044257
2015-04-20,0.21504505399634397
2015-04-21,0.21102800130799335
2015-04-22,0.1898679225440469
2015-04-23,0.1888798226936758
2015-04-24,0.19412238135577756
2015-04-27,0.20054148461438756
2015-04-28,0.20293143483562084
2015-04-29,0.20296801750002788
2015-04-30,0.19506642194637333
2015-05-01,0.2072760536820362
2015-05-04,0.191765225127178
2015-05-05,0.15629600128615737
2015-05-06,0.15573614900928204
2015-05-07,0.1560501255068689
2015-05-08,0.1556504916969257
2015-05-11,0.15264411111809265
2015-05-12,0.1455109119622134
2015-05-13,0.15053226981356624
2015-05-14,0.1400808175053289
2015-05-15,0.14352060627807237
2015-05-18,0.14280676171900722
2015-05-19,0.13734062988250242
2015-05-20,0.14681824428302234
2015-05-21,0.14122165596330075
2015-05-22,0.1408121031488657
2015-05-25,0.15028419107507493
2015-05-26,0.14893939807706327
2015-05-27,0.14917254694264756
2015-05-28,0.14920898288917658
2015-05-29,0.13534901093525228
2015-06-01,0.14481997259674115
2015-06-02,0.14126124190354836
2015-06-03,0.1424845609911848
2015-06-04,0.13436255133240824
2015-06-05,0.12981071360929006
2015-06-08,0.11091148190324676
2015-06-09,0.10682239080069403
2015-06-10,0.1075231408416982
2015-06-11,0.11199966040632645
2015-06-12,0.08070476938307072
2015-06-15,0.07087624761341346
2015-06-16,0.07353971713396643
2015-06-17,0.07384554403305424
2015-06-18,0.07367139599390138
2015-06-19,0.0727435123580176
2015-06-22,0.07518165469636032
2015-06-24,0.0876509602664049
2015-06-25,0.07568671888878095
2015-06-26,0.07562326680989792
2015-06-29,0.08078211182642342
2015-06-30,0.08228043940518528
2015-07-01,0.08286500928809704
2015-07-02,0.06808572035640606
2015-07-03,0.06803062653418093
2015-07-06,0.06617279117812558
2015-07-07,0.1036893709847175
2015-07-08,0.1476644040153404
2015-07-09,0.1710456740330111
2015-07-10,0.18756200573601686
2015-07-13,0.1880225528239817
2015-07-14,0.1840416003900108
2015-07-15,0.18381752211034527
2015-07-16,0.18019216653976647
2015-07-17,0.18098745999541463
2015-07-20,0.18157322568785003
2015-07-21,0.18170019097392412
2015-07-22,0.18007902259286204
2015-07-23,0.18722096851447892
2015-07-24,0.18327400966874044
2015-07-27,0.16680707021518845
2015-07-28,0.16526622312278785
2015-07-29,0.18189812729825924
2015-07-30,0.18035715369930613
2015-07-31,0.1821340979491137
2015-08-03,0.1823188324547119
2015-08-04,0.17907781102832301
2015-08-05,0.17300344762508632
2015-08-06,0.17152932341852903
2015-08-07,0.17137662823264274
2015-08-10,0.167201498649146
2015-08-11,0.19448301643771918
2015-08-12,0.2037001602661779
2015-08-13,0.21544733218019738
2015-08-14,0.21618531841975971
2015-08-17,0.21669822309689016
2015-08-18,0.1888730201660729
2015-08-19,0.15034473993594902
2015-08-20,0.12955693995819892
2015-08-21,0.11685490844791294
2015-08-24,0.12149113573672202
2015-08-25,0.12182584244226638
2015-08-26,0.14921374395678363
2015-08-27,0.1852743586796631
2015-08-28,0.22309533269253626
2015-08-31,0.22179181795732175
2015-09-01,0.22130618643710412
2015-09-02,0.2274410707874556
2015-09-03,0.2200485728127551
2015-09-04,0.22832037684963116
2015-09-07,0.2489228853486801
2015-09-08,0.2460663388419391
2015-09-09,0.3009697876080014
2015-09-10,0.3015081697303884
2015-09-11,0.29885150403644856
2015-09-14,0.29762502818669256
2015-09-15,0.30575332203065686
2015-09-16,0.30655309466118885
2015-09-17,0.3061329707153778
2015-09-18,0.30529145415177605
2015-09-21,0.3344854243106874
2015-09-22,0.3207472964311593
2015-09-23,0.3440182736543912
2015-09-24,0.33811333374221064
2015-09-25,0.33847420182900867
2015-09-28,0.33960227557586065
2015-09-29,0.34099901066715155
2015-09-30,0.3369888480169282
2015-10-01,0.355828085159569
2015-10-05,0.35609353294763635
2015-10-06,0.3555372450942005
2015-10-07,0.35373409330993333
2015-10-08,0.34056896935592074
2015-10-09,0.3157343045294736
2015-10-12,0.2890066008725415
2015-10-13,0.3005588294185456
2015-10-14,0.30167553086656496
2015-10-15,0.2989494278873718
2015-10-16,0.29700021615963623
2015-10-19,0.2852320580566765
2015-10-20,0.2743939613654026
2015-10-21,0.27439604749147795
2015-10-22,0.19929968845020665
2015-10-23,0.20258918621567132
2015-10-26,0.20698151696828967
2015-10-27,0.20794265483990834
2015-10-28,0.1993488225692344
2015-10-29,0.19623212990397673
2015-10-30,0.19648572294791575
2015-11-02,0.19642905778328953
2015-11-03,0.16409329848907825
2015-11-04,0.16506551943629424
2015-11-05,0.11098615107196899
2015-11-06,0.1366825366857811
2015-11-09,0.13578678733557817
2015-11-10,0.13433379868689974
2015-11-11,0.12869668687349842
2015-11-13,0.14142216396538396
2015-11-16,0.10117259551522265
2015-11-17,0.11628541152313884
2015-11-18,0.11217711196564364
2015-11-19,0.11293970047978322
2015-11-20,0.11152066630141469
2015-11-23,0.11088958176016342
2015-11-24,0.1131077503425992
2015-11-25,0.10049794026587322
2015-11-26,0.10023940125667666
2015-11-27,0.0888562327771818
2015-11-30,0.0944338496097035
2015-12-01,0.0946059919635508
2015-12-02,0.09396353551230202
2015-12-03,0.10035925096550177
2015-12-04,0.11326524564182025
2015-12-07,0.11374244118916085
2015-12-08,0.11225125716732035
2015-12-09,0.11224256128092744
2015-12-10,0.11382385039408041
2015-12-11,0.11475488983058615
2015-12-14,0.12884916838855223
2015-12-15,0.12902229890152442
2015-12-16,0.14474941361262286
2015-12-17,0.14465547211084692
2015-12-18,0.15014139655957529
2015-12-21,0.16369194067810985
2015-12-22,0.16858080760143598
2015-12-23,0.17332827146925364
2015-12-24,0.17455227485536998
2015-12-28,0.1635580682001245
2015-12-29,0.17641506689371525
2015-12-30,0.1883824243258649
2015-12-31,0.1868050607863019
2016-01-01,0.18492153138024978
2016-01-04,0.1848542836089461
2016-01-05,0.19876962591858785
2016-01-06,0.19519140158269407
2016-01-07,0.18808629587047485
2016-01-08,0.21124478871196653
2016-01-11,0.21153616769487307
2016-01-12,0.22247974090979047
2016-01-13,0.22288120464245162
2016-01-14,0.22016402889953404
2016-01-15,0.21933872927431716
2016-01-18,0.21483447845635453
2016-01-19,0.21117830674660884
2016-01-20,0.21598134009692857
2016-01-21,0.21706260699108562
2016-01-22,0.2344496558786657
2016-01-25,0.23403568647390863
2016-01-27,0.22188040314213173
2016-01-28,0.2578263633648701
2016-01-29,0.2425977194649638
2016-02-01,0.24258668531487207
2016-02-02,0.23620039807167928
2016-02-03,0.21409654012722243
2016-02-04,0.22608362478916808
2016-02-05,0.22305458355891553
2016-02-08,0.22946224864244533
2016-02-09,0.22979533908778801
2016-02-10,0.22680594202418994
2016-02-11,0.20440764978309153
2016-02-12,0.20449254112855944
2016-02-15,0.21269136291998933
2016-02-16,0.21269136291998933
2016-02-17,0.19936446856333287
2016-02-18,0.20360702238405562
2016-02-19,0.20378611304621655
2016-02-22,0.17802432562947954
2016-02-23,0.18562914663467187
2016-02-24,0.16742063062266568
2016-02-25,0.1675006951158647
2016-02-26,0.1748279874575069
2016-02-29,0.18816599617750465
2016-03-01,0.18188140574833736
2016-03-02,0.18166728445462008
2016-03-03,0.1756589757340337
2016-03-04,0.17130316214440403
2016-03-07,0.17390472789735714
2016-03-08,0.17299941212403439
2016-03-09,0.19704926475920317
2016-03-10,0.1628233995148299
2016-03-11,0.16739737419309245
2016-03-14,0.1690725534112185
2016-03-15,0.1677030228901237
2016-03-16,0.16747041826398187
2016-03-17,0.15218642541441332
2016-03-18,0.15773125123822193
2016-03-21,0.15091924692825795
2016-03-22,0.14990420124192907
2016-03-23,0.13413332864832841
2016-03-24,0.14406175009390124
2016-03-28,0.1411085575034506
2016-03-29,0.13403770473358198
2016-03-30,0.1448443270140128
2016-03-31,0.1498009620211276
2016-04-01,0.14379626393757775
2016-04-04,0.1465891404809603
2016-04-05,0.15102886231531246
2016-04-06,0.13852959672950718
2016-04-07,0.1399527356353901
2016-04-08,0.172227339795797
2016-04-11,0.168604770496773
2016-04-12,0.14380529324154942
2016-04-13,0.17008451996016197
2016-04-14,0.1725579036008872
2016-04-15,0.1694985760204422
2016-04-18,0.16883573293713697
2016-04-19,0.14522233900316342
2016-04-20,0.16926460450220884
2016-04-21,0.14916642804280425
2016-04-22,0.14912640144266562
2016-04-25,0.14716570820474592
2016-04-26,0.14427497955353688
2016-04-27,0.14467549228869056
2016-04-28,0.15077841889699659
2016-04-29,0.15064307364228366
2016-05-02,0.16109670360920345
2016-05-03,0.1609976114963436
2016-05-04,0.17444499288048468
2016-05-05,0.17697483629754987
2016-05-06,0.17372710491834661
2016-05-09,0.1738347859159671
2016-05-10,0.18753117708050862
2016-05-11,0.18196360727421526
2016-05-12,0.17862012108718475
2016-05-13,0.17878270791398268
2016-05-16,0.17732714232539284
2016-05-17,0.17622391022360398
2016-05-18,0.1762397751611218
2016-05-19,0.17477467814563272
2016-05-20,0.14132300430097725
2016-05-23,0.14049518172720618
2016-05-24,0.14051234349197114
2016-05-25,0.11688290071849297
2016-05-26,0.12041277524904234
2016-05-27,0.12033481802094634
2016-05-30,0.11835866888792249
2016-05-31,0.11518865471861092
2016-06-01,0.08670760868313251
2016-06-02,0.08835246764864321
2016-06-03,0.0853247737420521
2016-06-06,0.10054948089466384
2016-06-07,0.10054137793761275
2016-06-08,0.13547945322183266
2016-06-09,0.13230095310424597
2016-06-10,0.1351661988547955
2016-06-13,0.10531884263377542
2016-06-14,0.11727743834165708
2016-06-15,0.10342872163271258
2016-06-16,0.12541635461312653
2016-06-17,0.1306776500635198
2016-06-20,0.13063328848136183
2016-06-21,0.13144850637353275
2016-06-22,0.13557395824520288
2016-06-23,0.13713895713223326
2016-06-24,0.13792854464652368
2016-06-27,0.1466468109603162
2016-06-28,0.14528663573205994
2016-06-29,0.15884645613483558
2016-06-30,0.15840399077614517
2016-07-01,0.15741228957635647
2016-07-04,0.15804299185615514
2016-07-05,0.15785798864452286
2016-07-06,0.16550389591409456
2016-07-07,0.16811646084397794
2016-07-08,0.17308597947404378
2016-07-11,0.1732718328380838
2016-07-12,0.1752702586218561
2016-07-13,0.19707569441481396
2016-07-14,0.19717192150226823
2016-07-15,0.19719872012535525
2016-07-18,0.1883338787107817
2016-07-19,0.1879066730025372
2016-07-20,0.15093252973462537
2016-07-21,0.15243099877429292
2016-07-22,0.14425472062482084
2016-07-25,0.15039727012938872
2016-07-26,0.14846782598738353
2016-07-27,0.14673287048439113
2016-07-28,0.14717106114213188
2016-07-29,0.13248555373946094
2016-08-01,0.13265693972754136
2016-08-02,0.12520131326168601
2016-08-03,0.12156448280506885
2016-08-04,0.11877677478191237
2016-08-05,0.12020793956643241
2016-08-08,0.11672289768354563
2016-08-09,0.11676233737920419
2016-08-10,0.09803047409787163
2016-08-11,0.09919696909788264
2016-08-12,0.1036228678369632
2016-08-16,0.12044325043144274
2016-08-17,0.13068349089579726
2016-08-18,0.125347303774456
2016-08-19,0.12036807585641016
2016-08-22,0.11469149166758011
2016-08-23,0.11722496969479598
2016-08-24,0.1205788401017395
2016-08-25,0.09410297703684417
2016-08-26,0.084796608300852
2016-08-29,0.08508205018015666
2016-08-30,0.08538309247035114
2016-08-31,0.08461591193515913
2016-09-01,0.07540593381620014
2016-09-02,0.07662241777542178
2016-09-06,0.07568582690274911
2016-09-07,0.07320031112413222
2016-09-08,0.07296892473057234
2016-09-09,0.07120189900485685
2016-09-12,0.05640612390475924
2016-09-13,0.05713613533068146
2016-09-14,0.05503824708364813
2016-09-15,0.0803375037167848
2016-09-16,0.07973960495364957
2016-09-19,0.07970800173233075
2016-09-20,0.07498622817273706
2016-09-21,0.07132497085733527
2016-09-22,0.07146859155535662
2016-09-23,0.07985164755176499
2016-09-26,0.07840711569227754
2016-09-27,0.07361968776326913
2016-09-28,0.059697365426795546
2016-09-29,0.05038381607449652
2016-09-30,0.046376062967754206
2016-10-03,0.05038067869817908
2016-10-04,0.05571245598968033
2016-10-05,0.05798378020920936
2016-10-06,0.049358451983554014
2016-10-07,0.03309158024677061
2016-10-10,0.034161787710844715
2016-10-11,0.040461615059792594
2016-10-12,0.04291479598647405
2016-10-13,0.042906076421994094
2016-10-14,0.0661052386608664
2016-10-17,0.06758836780699129
2016-10-18,0.06799729267870794
2016-10-19,0.06813058956916543
2016-10-20,0.06819170031579239
2016-10-21,0.07030451654202413
2016-10-24,0.07042970648335639
2016-10-25,0.06707677716952185
2016-10-26,0.08660906939385207
2016-10-27,0.05786600463713626
2016-10-28,0.06215178272137581
2016-11-01,0.07647208153602222
2016-11-02,0.07879203670227031
2016-11-03,0.07777605823510758
2016-11-04,0.07777786830358732
2016-11-07,0.07132854724228091
2016-11-08,0.08521354718703808
2016-11-09,0.1140001987981489
2016-11-10,0.13322755496306202
2016-11-11,0.15529692588850083
2016-11-14,0.1600409832974438
2016-11-15,0.15881511851769856
2016-11-16,0.15168367656061357
2016-11-17,0.1550337825588741
2016-11-18,0.15512306568717468
2016-11-21,0.15749260366099224
2016-11-22,0.1653157640345496
2016-11-23,0.1648124240891861
2016-11-24,0.17478723111296682
2016-11-25,0.17266011309866722
2016-11-28,0.15392378086119754
2016-11-29,0.1503439729635018
2016-11-30,0.17911066705495712
2016-12-01,0.17650755652901998
2016-12-02,0.1752664326822516
2016-12-05,0.1715413140344276
2016-12-06,0.24310420189953383
2016-12-07,0.3038473613739805
2016-12-08,0.3120690415339348
2016-12-09,0.3200065334609621
2016-12-12,0.32003670251267036
2016-12-13,0.32322435257186566
2016-12-14,0.3275865342942328
2016-12-15,0.32748010715881426
2016-12-16,0.3277160110553575
2016-12-19,0.33494107475883517
2016-12-20,0.34795934481079605
2016-12-21,0.33384539280967784
2016-12-22,0.3128504127901981
2016-12-23,0.29344391839261896
2016-12-26,0.29367110678098807
2016-12-27,0.29315917009710113
2016-12-28,0.298211670582201
2016-12-29,0.2938731340709376
2016-12-30,0.29225195543189286
