"","x"
"1",NA
"2",0.000254627063813024
"3",0.0020495394681048
"4",0.000368305885316436
"5",0.000427449282719247
"6",0.000362360761472248
"7",0.000360759158204054
"8",0.000355071340956253
"9",0.000350220091643974
"10",0.000343335901728839
"11",0.000343327443641708
"12",0.000339471181539953
"13",0.000337224089185948
"14",0.000333160000672142
"15",0.000328811186447608
"16",0.000325024661760233
"17",0.000327815291030083
"18",0.000725457783731727
"19",0.000332880103307983
"20",0.000332698921054393
"21",0.000331524699244587
"22",0.000347656650543238
"23",0.000423637306756695
"24",0.00034325588751435
"25",0.000369756057701559
"26",0.000557870339473365
"27",0.000328512787507885
"28",0.000507320887206846
"29",0.000411593454070313
"30",0.000308075214710538
"31",0.000343609131271315
"32",0.000340737911217847
"33",0.000590535603309809
"34",0.000348565493154048
"35",0.000354111270527774
"36",0.000359255563953433
"37",0.000356877136467667
"38",0.000355695164694792
"39",0.000355090041918618
"40",0.000352047544478172
"41",0.000348624628864824
"42",0.00035447133491657
"43",0.000352505105028678
"44",0.000349746993803877
"45",0.000346966741949017
"46",0.000344447963276634
"47",0.000344752638460185
"48",0.000341518707033202
"49",0.000341624792700195
"50",0.000340239870557018
"51",0.000337878075339748
"52",0.000332816185760155
"53",0.000329797210695603
"54",0.000327639304219918
"55",0.00033095424852995
"56",0.000331875824066131
"57",0.000330624836499392
"58",0.000329466281448
"59",0.000324243279812486
"60",0.000319906616073516
"61",0.000319637914160012
"62",0.000316223164874091
"63",0.000310604126786862
"64",0.000311052382365656
"65",0.000307568231266346
"66",0.000304647260088251
"67",0.0003028777694337
"68",0.000299550105901496
"69",0.000295780786224859
"70",0.000243320216172892
"71",0.000292334870485655
"72",0.000291148516918368
"73",0.000287531946455411
"74",0.000271650406776919
"75",0.000243075293721123
"76",0.000243187224393771
"77",0.000237407357355336
"78",0.000236108283305066
"79",0.000226593765838955
"80",0.000228366671900669
"81",0.000221607402000497
"82",0.000509529800683771
"83",0.000308379815143913
"84",0.000306077967097975
"85",0.000302754379894386
"86",0.000300186060193878
"87",0.000297475656511405
"88",0.000293958756364913
"89",0.000292222332111109
"90",0.000289391746305811
"91",0.000311898215329959
"92",0.00032587180303874
"93",0.000323934695308162
"94",0.000320862577067018
"95",0.000317098197994167
"96",0.000315268480669657
"97",0.000316744835159309
"98",0.000313154529253122
"99",0.000332868753950733
"100",0.000332013146397822
"101",0.000343617493536344
"102",0.0019997327716661
"103",0.000384557355621218
"104",0.00195650152243644
"105",0.00113418768691946
"106",0.000488385212967067
"107",0.000488722211211048
"108",0.000447344852169245
"109",0.000293900979455664
"110",0.000398033461306278
"111",0.00030171187174992
"112",0.000409807178988788
"113",0.000462155695288353
"114",0.000341766308141782
"115",0.000893346375202875
"116",0.000428063849236913
"117",0.000352740835526765
"118",0.000418653697332866
"119",0.000412756814450685
"120",0.000573890657834941
"121",0.000351410888092941
"122",0.00031285628100858
"123",0.000291779017485373
"124",0.000300444062593602
"125",0.000346306859682543
"126",0.000279298901763035
"127",0.000281741973208045
"128",0.000262484964677953
"129",0.000252043258896798
"130",0.000252029635696058
"131",0.000251424835305748
"132",0.000404577467523326
"133",0.000266923414000541
"134",0.000247157004652713
"135",0.000401975534037568
"136",0.000321537254052479
"137",0.00031129503583289
"138",0.000290400026223197
"139",0.000266512079694028
"140",0.000298449558201497
"141",0.000271218924890024
"142",0.00034826489838848
"143",0.000278625081508912
"144",0.000244728579932517
"145",0.000236849574015187
"146",0.000315984556810614
"147",0.000385698170944112
"148",0.000324809562445419
"149",0.000270086641839957
"150",0.000398939071669482
"151",0.000284462519164123
"152",0.000295061504152405
"153",0.000279966489266126
"154",0.000299903281990673
"155",0.000274817653771585
"156",0.000324071756196443
"157",0.000255111811640622
"158",0.000233941990757843
"159",0.000302278488882838
"160",0.000286634258850954
"161",0.000258514224715308
"162",0.000242359992421888
"163",0.000247778425174695
"164",0.000228390057085533
"165",0.000220502962806846
"166",0.000240139259482939
"167",0.0002568261015555
"168",0.00027775839833541
"169",0.00037310834585065
"170",0.000369720201157363
"171",0.000366582139714565
"172",0.000481985083333931
"173",0.000367134477177169
"174",0.000307590768023698
"175",0.000359822264919627
"176",0.000355429883010802
"177",0.000314199166873786
"178",0.000350349217178014
"179",0.000369849831412555
"180",0.000367977422805004
"181",0.000363998550876285
"182",0.000360895072805949
"183",0.000357548128862148
"184",0.000353272245176304
"185",0.000348578068262103
"186",0.00034515409499767
"187",0.000346084098222176
"188",0.00034189859208113
"189",0.000338200627247102
"190",0.000337219335896594
"191",0.000337469550530903
"192",0.000273581894245013
"193",0.000270720915275603
"194",0.000324991599659982
"195",0.000327800077666443
"196",0.000299141200955413
"197",0.000322178621168439
"198",0.000320133850353698
"199",0.000333838623524574
"200",0.000325340429671688
"201",0.000278351137305283
"202",0.000324136678576087
"203",0.000312532796036402
"204",0.000256934741154404
"205",0.000315574286241214
"206",0.00031603000452999
"207",0.000313027545373134
"208",0.000312256548092778
"209",0.000311050304558673
"210",0.00030994585411726
"211",0.000306494399990449
"212",0.000230549392810525
"213",0.000304301411437022
"214",0.000303642081613075
"215",0.000257252054478286
"216",0.000294675069390077
"217",0.000234753225696468
"218",0.0002857892836771
"219",0.000243691612749251
"220",0.000225425917998006
"221",0.000209713834311373
"222",0.0002183241037311
"223",0.000239664982750518
"224",0.000230415078063583
"225",0.000206885196586697
"226",0.000275269489051887
"227",0.000221194386838701
"228",0.000208491613766474
"229",0.000204175863289698
"230",0.000189282934314738
"231",0.00024463801477022
"232",0.000235851695360567
"233",0.000201738471484339
"234",0.000227149202380704
"235",0.000346756834554228
"236",0.000254308443857495
"237",0.00024203369870122
"238",0.000218483001309627
"239",0.000202368396406265
"240",0.000458538986146588
"241",0.000371539478981044
"242",0.000271313918894806
"243",0.000323357016084002
"244",0.000297421868245999
"245",0.000302327827130052
"246",0.000267033128523077
"247",0.000273192138028406
"248",0.000244831969058668
"249",0.000233487631607085
"250",0.000348869247007511
"251",0.000561998266404336
"252",0.000354309231269177
"253",0.000416063853413182
"254",0.000329438198064319
"255",0.000909704697064424
"256",0.000465327443789483
"257",0.000532235222246214
"258",0.000389068492785684
"259",0.00038065626205047
"260",0.00031799594830992
"261",0.000299605474776283
"262",0.000403293693499276
"263",0.000298861618407748
"264",0.000301659236017048
"265",0.000258687199727315
"266",0.000337775559087366
"267",0.000244697937911958
"268",0.000261671572415788
"269",0.000253515910859333
"270",0.000240923131787042
"271",0.000220123087534388
"272",0.000215519706499996
"273",0.000240630006795093
"274",0.000225109677597022
"275",0.000212281034468129
"276",0.000202418858333026
"277",0.000211016144595186
"278",0.000743680346393131
"279",0.000434552608053382
"280",0.000521810069702572
"281",0.000336920175809514
"282",0.000379606922837307
"283",0.000308061604423647
"284",0.000384544439496539
"285",0.000272440926463917
"286",0.000301878026373746
"287",0.00023854790680418
"288",0.000270144882599015
"289",0.000228965559250017
"290",0.000279047795336959
"291",0.000301215536111464
"292",0.00049175194723416
"293",0.000287531686843737
"294",0.00037465858710971
"295",0.000258284567346801
"296",0.000642233228079263
"297",0.00034303124874286
"298",0.000477098120074716
"299",0.000329503206884518
"300",0.000611155092650536
"301",0.000353017057117934
"302",0.000478710551356615
"303",0.000405177509738797
"304",0.000883717745214364
"305",0.00172172340726555
"306",0.00107073541883145
"307",0.00158251137665244
"308",0.000927414973514105
"309",0.00177107798719416
"310",0.00095512395769593
"311",0.000872259502209043
"312",0.000309024695483093
"313",0.00112447540525048
"314",0.000654127444525092
"315",0.000609039887020719
"316",0.000520606668730015
"317",0.000391321335957275
"318",0.000441525676493043
"319",0.000350664099145934
"320",0.000401824608170475
"321",0.000335703750150487
"322",0.00028480648959879
"323",0.00039252191195672
"324",0.000289833459390745
"325",0.00028894811182979
"326",0.000249307245867386
"327",0.000266461834700101
"328",0.000235764815243428
"329",0.00040009624267949
"330",0.000399812725825069
"331",0.000538216091471304
"332",0.000399460221061622
"333",0.000368724565211203
"334",0.00030975988037198
"335",0.000286309801147494
"336",0.000283726808888935
"337",0.000377082167636525
"338",0.000616394804775486
"339",0.000417765026956927
"340",0.000396913584374306
"341",0.000335229394147691
"342",0.000295074144998187
"343",0.000304096040156385
"344",0.000463126694654049
"345",0.000396812587124049
"346",0.000342032886381564
"347",0.000288065064783347
"348",0.000276429588898505
"349",0.000264903390025309
"350",0.000254079843816572
"351",0.000556820392319357
"352",0.000660894484923572
"353",0.000475550811446811
"354",0.000486872064111658
"355",0.000461588108429218
"356",0.000525267157133958
"357",0.000441426218330939
"358",0.000366546772837822
"359",0.000344817563536428
"360",0.000407843901267556
"361",0.000377789947986347
"362",0.000326215346011772
"363",0.000286226099895832
"364",0.000274646746839064
"365",0.000252901232353435
"366",0.000238117880942564
"367",0.000221347447074046
"368",0.000364374424489525
"369",0.000258426326504279
"370",0.000304585153884479
"371",0.000269932607636417
"372",0.000263582357870358
"373",0.000282503077979495
"374",0.000693104797296959
"375",0.000405341626737882
"376",0.000443071854450847
"377",0.000513503323517863
"378",0.000684221538404059
"379",0.000458369479953624
"380",0.000512528614775062
"381",0.000380374749704415
"382",0.000344831512444095
"383",0.000906472694571331
"384",0.000526978241933802
"385",0.000535515773514111
"386",0.000427168730380086
"387",0.000405686576443851
"388",0.000356307994122865
"389",0.000484971399623896
"390",0.000369750550043464
"391",0.00054085198785935
"392",0.000527151882648706
"393",0.000751839797504912
"394",0.000542551863677576
"395",0.000511626478653639
"396",0.000588416570279931
"397",0.000597940719157691
"398",0.00158028525774273
"399",0.00118662794232588
"400",0.00111256850085434
"401",0.00131727173563619
"402",0.000936903145672944
"403",0.00120824405652703
"404",0.000878619682832348
"405",0.000983427044789785
"406",0.000766777480408654
"407",0.00073632303008598
"408",0.000607898600075773
"409",0.000835449058132381
"410",0.000872710906993168
"411",0.000737341415012845
"412",0.000802115902256175
"413",0.000662551425326104
"414",0.000578406887598581
"415",0.000881399464866856
"416",0.000751762324340378
"417",0.00069894093123771
"418",0.000592030271634327
"419",0.000544506652100668
"420",0.000539822447840317
"421",0.000487579752108276
"422",0.000414247894118418
"423",0.000403163769796029
"424",0.000505601921823185
"425",0.000920601003484165
"426",0.000664684878923502
"427",0.000671087190468832
"428",0.000575826906323954
"429",0.000573316113865122
"430",0.000520548060234266
"431",0.00045988397071688
"432",0.00103497005343333
"433",0.00108622325113379
"434",0.00137763169860581
"435",0.00104705267451789
"436",0.00140429790459979
"437",0.00107846867601721
"438",0.00104771588028661
"439",0.000982081530308532
"440",0.000854887686105039
"441",0.000759147126938542
"442",0.00124194235587833
"443",0.00092585451283631
"444",0.00101401917961804
"445",0.000958603182168403
"446",0.000841346892169057
"447",0.000975542479759537
"448",0.000790680698638708
"449",0.000800300955118197
"450",0.0011228129240347
"451",0.00168132267364486
"452",0.00122806482416422
"453",0.0011672064336259
"454",0.00108914341071124
"455",0.000916477811895945
"456",0.00305571662669318
"457",0.00219510721791395
"458",0.00288860522103381
"459",0.00246520323699747
"460",0.00267588328845521
"461",0.00230051960400569
"462",0.00200788573363878
"463",0.00177890124529085
"464",0.0015539084165904
"465",0.00153471528265132
"466",0.00132911178644697
"467",0.00149226667035267
"468",0.00126527763462637
"469",0.00136625404496731
"470",0.00114302587826862
"471",0.0010862764160232
"472",0.00133918307368103
"473",0.00122840689274117
"474",0.00141581872619689
"475",0.00123367345764394
"476",0.00116567899123146
"477",0.00108250868909357
"478",0.0011906237345741
"479",0.00108814497619672
"480",0.000973275028365015
"481",0.000872504863879283
"482",0.000791866308729174
"483",0.000706288208026798
"484",0.000630644145313371
"485",0.000598461973073894
"486",0.000627003782040363
"487",0.000572395619826881
"488",0.000523964624574576
"489",0.000550461156411463
"490",0.0006073457113714
"491",0.000564567781231976
"492",0.000605692216001219
"493",0.000700567937862626
"494",0.000653962100569108
"495",0.000614909142734601
"496",0.000622878880063983
"497",0.000632381237234123
"498",0.000592189392370503
"499",0.000746260622121623
"500",0.000688815962089567
"501",0.000632672003256016
"502",0.000598268685075213
"503",0.000561316325633474
"504",0.000525448060835123
"505",0.000514475577997912
"506",0.00052942445910103
"507",0.00050414574961767
"508",0.000598337650379755
"509",0.000789459699929182
"510",0.000820910711369129
"511",0.00079351653612151
"512",0.000782783019446171
"513",0.000714877880090841
"514",0.000660307008086044
"515",0.000621052240922359
"516",0.000627660719265627
"517",0.000591538836098036
"518",0.000595632953194285
"519",0.000618596752861558
"520",0.000591337424996448
"521",0.000559341418301167
"522",0.000553321498460245
"523",0.00056260126722135
"524",0.000530958891180359
"525",0.000499556462651812
"526",0.000469449216474513
"527",0.000598238452595682
"528",0.000561179958819169
"529",0.000808782905793619
"530",0.000777869404880353
"531",0.000785256444963175
"532",0.000881240772416274
"533",0.000845947070894753
"534",0.000780279254832817
"535",0.000750834447873242
"536",0.000710536355153212
"537",0.000675146319940793
"538",0.000754469075246268
"539",0.000702866495495476
"540",0.000677799057088114
"541",0.000796697475562406
"542",0.00089036026734395
"543",0.000852075844399683
"544",0.000877895517275578
"545",0.000972053731561026
"546",0.000988262918283591
"547",0.000911070606483434
"548",0.000838505560712475
"549",0.000846407572838493
"550",0.000783011038099626
"551",0.000729898610170952
"552",0.000719375372573404
"553",0.000684057648961835
"554",0.000633209083616288
"555",0.000607239803719197
"556",0.000594509765782811
"557",0.000580814623364245
"558",0.000624916570376844
"559",0.000635535728513973
"560",0.00060608127889178
"561",0.000577268619093803
"562",0.000548707183673141
"563",0.000518910824667335
"564",0.000483510763301567
"565",0.000555453871638876
"566",0.000643223588971375
"567",0.000610331515390995
"568",0.00058492054594643
"569",0.000566493392201771
"570",0.000558087852018449
"571",0.000545665596179069
"572",0.000523000989026517
"573",0.000503798087692611
"574",0.000504313488410963
"575",0.000487673799770923
"576",0.000464112649950373
"577",0.000445300422253891
"578",0.00043129023875417
"579",0.000432719066015515
"580",0.000407200228431686
"581",0.000456386955328142
"582",0.000428565696768699
"583",0.000405836479226069
"584",0.000387130499158815
"585",0.000397883723316528
"586",0.000390921448587354
"587",0.000639074886839909
"588",0.00115404969602305
"589",0.00108684821666954
"590",0.00101238297700786
"591",0.000931212934664638
"592",0.000844995541740249
"593",0.000773185737201803
"594",0.000839466755345068
"595",0.000819692358642328
"596",0.000758028583997339
"597",0.000719813481451683
"598",0.000768756380347013
"599",0.000707664196467241
"600",0.000693751807011935
"601",0.000672375892714975
"602",0.000659478714500575
"603",0.000640541082872531
"604",0.000645508755322573
"605",0.00079240260298038
"606",0.000852153068945373
"607",0.00081037013652007
"608",0.000926123107723485
"609",0.000878660042613679
"610",0.000818379289910059
"611",0.000758756047338251
"612",0.000846121348351686
"613",0.000685582148937459
"614",0.000926778096922612
"615",0.000703133470973859
"616",0.000726852954020969
"617",0.00102008526811288
"618",0.000722015967487998
"619",0.000717624630418903
"620",0.000707735453839581
"621",0.000706723488223616
"622",0.000695255509234747
"623",0.000688376294467453
"624",0.000679330545331322
"625",0.000674326225179013
"626",0.000667827196073363
"627",0.000671829944715693
"628",0.000662990702528029
"629",0.000654460496854019
"630",0.000648780451086819
"631",0.000647911262897914
"632",0.000639110491457598
"633",0.000635931313428444
"634",0.000628218809114737
"635",0.000624190575802561
"636",0.000616029822480619
"637",0.000606589639717718
"638",0.000598983336527479
"639",0.000489812148254436
"640",0.000601962971432775
"641",0.000598308406179848
"642",0.000588120902916231
"643",0.000588670512271162
"644",0.00058226719379525
"645",0.000553088664274093
"646",0.000512890293427881
"647",0.000486048283660483
"648",0.000553297735201863
"649",0.0005610766533594
"650",0.000532330563221004
"651",0.000506217254326638
"652",0.000488201137500912
"653",0.000469138097183621
"654",0.000460623221983106
"655",0.000554226339282951
"656",0.000541497981132874
"657",0.000588355016617048
"658",0.000552711764598497
"659",0.000529911267411839
"660",0.000508515345998557
"661",0.000485717895656006
"662",0.000533626291944106
"663",0.000553439625568108
"664",0.000525196516607013
"665",0.00060653247372712
"666",0.000864936423056904
"667",0.000758505526460474
"668",0.000696333674412357
"669",0.000635433618205875
"670",0.00058880007706669
"671",0.000568282799404535
"672",0.000531488216931359
"673",0.000518980561700546
"674",0.00048894867577441
"675",0.000460271054695992
"676",0.000431715870464117
"677",0.000413201700187304
"678",0.000389782408441628
"679",0.000373553950128859
"680",0.000353258912397949
"681",0.000335648070881584
"682",0.000319384352678146
"683",0.000300251029203349
"684",0.000318867906485732
"685",0.000334298931200548
"686",0.000306125007641926
"687",0.000295074143796006
"688",0.000344812085713987
"689",0.000352432546295491
"690",0.000321383133131993
"691",0.000297507947415168
"692",0.0003152843923266
"693",0.000320204990403414
"694",0.000289205115006025
"695",0.000267233508469818
"696",0.000253931012618699
"697",0.000241681726819353
"698",0.000227987106067855
"699",0.000206172425885443
"700",0.000188546530721513
"701",0.000214501176832117
"702",0.000162359548893505
"703",0.000287219734567728
"704",0.000254653983680135
"705",0.000234703132981467
"706",0.000297975239158497
"707",0.00025605683775131
"708",0.000347148130480358
"709",0.000333731633256981
"710",0.000297287160058537
"711",0.000272024992891847
"712",0.000531641447048813
"713",0.000424478759735469
"714",0.000355172864700764
"715",0.000309435563107684
"716",0.000342346525684588
"717",0.00031403689720502
"718",0.000285225332208244
"719",0.000255977171181004
"720",0.000342140815326766
"721",0.000293123833369538
"722",0.000288632201950717
"723",0.000343110647080835
"724",0.000368640319035708
"725",0.000305512790458069
"726",0.000294422428195786
"727",0.000259688833965701
"728",0.000267807776857297
"729",0.000283080447933349
"730",0.000547407241470859
"731",0.00159898139844829
"732",0.000874664472738754
"733",0.000668765825737641
"734",0.000468834945410586
"735",0.00100822627396779
"736",0.00123379750455313
"737",0.000970515922399978
"738",0.000920381979139986
"739",0.000644652595523876
"740",0.000502173730298167
"741",0.000445036654801692
"742",0.000360255094194298
"743",0.00030178080771135
"744",0.000265768535324234
"745",0.00032471320842658
"746",0.000273200718910872
"747",0.000253514453005092
"748",0.000330732221889253
"749",0.000292084622188434
"750",0.000303482120256991
"751",0.000384235245092646
"752",0.000323353792029125
"753",0.00028637517581704
"754",0.000348815378205389
"755",0.000296921783559627
"756",0.000263045697497612
"757",0.000315559914659917
"758",0.000327665918535713
"759",0.000289377282456297
"760",0.000254196926709087
"761",0.000231745750474772
"762",0.00021435611614185
"763",0.000202640192965102
"764",0.000204160932077939
"765",0.000188927949944557
"766",0.000182728406014478
"767",0.000174552434675369
"768",0.000276418298687934
"769",0.000259357434183442
"770",0.000223436735839973
"771",0.000198684119957324
"772",0.00033572572411905
"773",0.000264751782886064
"774",0.000299516869644488
"775",0.000377081662766947
"776",0.000342650454060425
"777",0.000276533415195321
"778",0.00027121112986081
"779",0.000232124153858063
"780",0.000205676594952401
"781",0.000193820123595484
"782",0.000180387472304459
"783",0.000163771113214268
"784",0.000276301254451509
"785",0.000297581413220879
"786",0.000316135214263564
"787",0.000283907761721623
"788",0.00025222021027286
"789",0.000225190687196869
"790",0.000194590638021962
"791",0.000209542299633983
"792",0.000548216689425688
"793",0.000341111973932214
"794",0.00040736411602076
"795",0.000293668040031987
"796",0.00026570297597113
"797",0.000291178678348171
"798",0.000243262969709923
"799",0.000217253718409512
"800",0.000207400952040472
"801",0.00035440181530319
"802",0.000344559137392461
"803",0.000321083330799798
"804",0.000269900927084365
"805",0.000326554201076172
"806",0.000263796435389696
"807",0.000313595433044325
"808",0.000276933274934534
"809",0.000272277691478283
"810",0.000341375965976508
"811",0.000254204983759301
"812",0.000344004637913849
"813",0.000251303457232475
"814",0.000230396790245796
"815",0.000199103023768194
"816",0.000466579950504082
"817",0.000309456775298325
"818",0.000287610117527925
"819",0.000300226859186698
"820",0.00099126509221061
"821",0.00066540662931681
"822",0.000643585805928614
"823",0.000496203556997642
"824",0.000474965215709768
"825",0.000367439650747217
"826",0.000349145960082887
"827",0.000454593168219785
"828",0.000385177555878956
"829",0.000332202454229764
"830",0.000355678208449437
"831",0.000286213803856274
"832",0.000255090655259274
"833",0.000223805080883987
"834",0.000244381113479215
"835",0.000203104856237524
"836",0.000231203948956305
"837",0.000254447341971061
"838",0.000214660699163258
"839",0.000220657748151875
"840",0.000198549974537135
"841",0.000206604821426427
"842",0.000240407793307295
"843",0.000201005450365747
"844",0.000186161065559588
"845",0.000169927946829163
"846",0.000170202657279933
"847",0.000227302587153553
"848",0.00019769776145224
"849",0.000216144281844125
"850",0.00018531443528697
"851",0.000175125482605218
"852",0.00025423353583575
"853",0.000222106741101073
"854",0.000204099246300144
"855",0.000323033788676638
"856",0.000292945117821495
"857",0.00025829118548329
"858",0.000230984830722061
"859",0.000214752247572828
"860",0.000198662472038632
"861",0.000183060966673373
"862",0.000167660588864855
"863",0.000371786670661475
"864",0.000273188523782821
"865",0.000243113849278864
"866",0.00042768255498451
"867",0.000362890886371162
"868",0.000294496943585861
"869",0.000256568333727748
"870",0.000253229298454846
"871",0.000497782549379744
"872",0.000314250328460673
"873",0.000307106693770097
"874",0.000272943811671178
"875",0.00031106719995792
"876",0.000309221525345056
"877",0.000265591389101077
"878",0.000345459957539868
"879",0.000390323490507664
"880",0.000282594254216605
"881",0.00026690807437011
"882",0.000268820981051644
"883",0.000212817614444739
"884",0.000211075998125004
"885",0.00021149952965252
"886",0.00028032058010187
"887",0.000259559321133482
"888",0.000373255862300516
"889",0.000239381865166783
"890",0.000250549386273079
"891",0.000257709270522921
"892",0.000264064363148997
"893",0.000264227005068269
"894",0.00026410901159317
"895",0.000262462625331582
"896",0.000260405781807499
"897",0.000255688405400545
"898",0.000260004272688098
"899",0.000262903591172624
"900",0.000224164008990437
"901",0.000258113946592333
"902",0.000258138396114142
"903",0.000257368327337501
"904",0.000256428790326832
"905",0.000258103654600421
"906",0.000434547067001677
"907",0.000265550444811623
"908",0.00026274019103399
"909",0.000264367340113206
"910",0.000260812982836734
"911",0.000261583898631043
"912",0.000260852992486574
"913",0.000262147539415973
"914",0.000266342203294994
"915",0.000267549005873215
"916",0.000264147474196166
"917",0.000240280552929961
"918",0.000248800735919349
"919",0.000252576356955461
"920",0.00022679939693675
"921",0.00022107498033264
"922",0.000212749893817776
"923",0.000200422448100491
"924",0.000271567523574413
"925",0.000270147161889679
"926",0.000267078610466096
"927",0.000264758391265836
"928",0.000267802739673922
"929",0.000265862449174525
"930",0.000262618342286379
"931",0.000271992897722945
"932",0.000270269217023292
"933",0.000267475981571864
"934",0.000264965993049161
"935",0.000275106015063967
"936",0.000275890509488887
"937",0.000285089715766889
"938",0.000299973593113053
"939",0.000297577088155191
"940",0.000295810205338484
"941",0.0003121583828708
"942",0.000310512925508242
"943",0.000308088733071463
"944",0.000306093589314169
"945",0.000305127363339127
"946",0.000302170564772998
"947",0.000307610876139532
"948",0.000304823563169978
"949",0.000302447754176985
"950",0.000299695402365496
"951",0.000302685985951471
"952",0.000301835485065236
"953",0.00029909808529007
"954",0.00029959298269166
"955",0.000299340330566266
"956",0.000295316608246434
"957",0.000292324818820517
"958",0.000290522738395428
"959",0.000287416213517779
"960",0.000285020384697872
"961",0.000282334580000188
"962",0.000281249789497215
"963",0.00027863641223901
"964",0.000278720608745595
"965",0.000275429259298776
"966",0.000272402801011745
"967",0.000269694068817347
"968",0.000273495275155926
"969",0.000269885455126861
"970",0.000266248086316479
"971",0.000263323136131217
"972",0.000272059942699236
"973",0.000271774552192143
"974",0.000269750283563237
"975",0.0002683094333278
"976",0.000269586098140684
"977",0.000264328887619921
"978",0.00026082354924247
"979",0.000257346412315194
"980",0.000256796995727325
"981",0.000252676995890232
"982",0.000250865833903471
"983",0.000255196253887445
"984",0.000256281814264615
"985",0.00025359018979335
"986",0.00025183405353084
"987",0.000267225307469405
"988",0.000275681819132618
"989",0.000277056672545696
"990",0.000276105800788388
"991",0.000273747339576459
"992",0.000271950526832939
"993",0.000269390013437472
"994",0.0002676005832138
"995",0.000266664795666644
"996",0.000261501977071636
"997",0.000261009970349948
"998",0.000258528319722472
"999",0.00026037292720429
"1000",0.000258340659173286
"1001",0.000257724876240787
"1002",0.00025293022203586
"1003",0.000260061460391613
"1004",0.000260069954557798
"1005",0.000260043014185031
"1006",0.000258498266219112
"1007",0.000257372311927876
"1008",0.000257954572919829
"1009",0.000256395537330925
"1010",0.000253981354544285
"1011",0.00025312898229076
"1012",0.000252860263804546
"1013",0.00025002163646094
"1014",0.00024700071427468
"1015",0.000266262778446905
"1016",0.00026387453739649
"1017",0.000268998464551498
"1018",0.000270315661477436
"1019",0.000268166832966742
"1020",0.000295757075367309
"1021",0.000296459795425906
"1022",0.000295348992341999
"1023",0.000296556107000848
"1024",0.000294797589562358
"1025",0.000291982789291829
"1026",0.000298655618894787
"1027",0.000299212035828013
"1028",0.00029650755055685
"1029",0.000293648370258773
"1030",0.000293271664725664
"1031",0.000290280219530084
"1032",0.000287344718832528
"1033",0.000285358390178135
"1034",0.000282791522977053
"1035",0.000280849738571325
"1036",0.000278581466042051
"1037",0.000280045377892147
"1038",0.000278341281022058
"1039",0.000276487377680023
"1040",0.000274258842123697
"1041",0.000271665729727385
"1042",0.000269928193524228
"1043",0.000268983345981477
"1044",0.000268393894660067
"1045",0.000265931130620313
"1046",0.000264017708872943
"1047",0.000261766377169741
"1048",0.000258143415838973
"1049",0.000256184494129319
"1050",0.000254890583269138
"1051",0.000251868468525686
"1052",0.000248032919562677
"1053",0.000246624632228894
"1054",0.000247032078290513
"1055",0.000248780910891248
"1056",0.000296120128789056
"1057",0.000295131465234451
"1058",0.00030640257264402
"1059",0.000304567676272857
"1060",0.000304024275440473
"1061",0.00030571690633067
"1062",0.000306044640556366
"1063",0.000342775868319685
"1064",0.000402344759731377
"1065",0.000342952241882548
"1066",0.000339974493253497
"1067",0.000413859140913667
"1068",0.000436127204571919
"1069",0.000389464013933077
"1070",0.000695267363504753
"1071",0.000639625051917523
"1072",0.000627598341493887
"1073",0.00040974492295421
"1074",0.000611190856238998
"1075",0.000395278526024428
"1076",0.000567917221141624
"1077",0.000454510616269109
"1078",0.000637022971762361
"1079",0.000439693100716285
"1080",0.000594217097113498
"1081",0.000417572927033494
"1082",0.000547999182226274
"1083",0.000511842199316526
"1084",0.00053162996136221
"1085",0.000499857901696759
"1086",0.000449754235049614
"1087",0.000424273300190954
"1088",0.000577013209968743
"1089",0.000396485966364981
"1090",0.000552496373027103
"1091",0.000340890497515988
"1092",0.000318875414278293
"1093",0.000313582585333844
"1094",0.000487633726664713
"1095",0.000284749939252125
"1096",0.000291600120498439
"1097",0.000390810050610625
"1098",0.000452535440231363
"1099",0.000277833230950203
"1100",0.000283131789006193
"1101",0.000390122577940574
"1102",0.000281685700777879
"1103",0.000456789224233714
"1104",0.000440446766598143
"1105",0.000392008646164485
"1106",0.000333339264490586
"1107",0.000404545289563546
"1108",0.000383050203188888
"1109",0.000346659933345465
"1110",0.000380915990799551
"1111",0.000377744469071601
"1112",0.000374791739807204
"1113",0.000371887270563276
"1114",0.00036784290536503
"1115",0.000366969690760946
"1116",0.000363332907726057
"1117",0.000364714587446364
"1118",0.000364761115182272
"1119",0.000365985082346914
"1120",0.000376541945861329
"1121",0.000397923554985543
"1122",0.000638018906346811
"1123",0.00074345645397563
"1124",0.000453323058583093
"1125",0.000654658366216902
"1126",0.000485437125489506
"1127",0.000522538916952075
"1128",0.000471711166151711
"1129",0.000453676973076241
"1130",0.000467361026041693
"1131",0.000317809245425663
"1132",0.000455912775992583
"1133",0.000335351163899974
"1134",0.000403398492114014
"1135",0.000302534010061585
"1136",0.000312207536751532
"1137",0.000254494193759586
"1138",0.000396046801072127
"1139",0.000231063194487609
"1140",0.000252022361777808
"1141",0.000384701252374384
"1142",0.000384334619669751
"1143",0.00038112253501976
"1144",0.000379525708080612
"1145",0.00037911979288943
"1146",0.000376101385800733
"1147",0.000380451767911474
"1148",0.000379324539572026
"1149",0.000377312049278406
"1150",0.000374496252705163
"1151",0.00037105228325777
"1152",0.0003759322373634
"1153",0.000379157164747767
"1154",0.000381659498317641
"1155",0.000388150945518076
"1156",0.000405973986625701
"1157",0.000416598884069777
"1158",0.000859388568855811
"1159",0.000415625182916079
"1160",0.000472541183107227
"1161",0.000454246465766589
"1162",0.000470492890715568
"1163",0.000415773604107838
"1164",0.000430185570622541
"1165",0.000924830909964897
"1166",0.000848903287777133
"1167",0.000652409419114735
"1168",0.000561464452581548
"1169",0.000545428041677412
"1170",0.000429965740231927
"1171",0.000439221706260486
"1172",0.000363981398484835
"1173",0.000942211910521694
"1174",0.00104476920382347
"1175",0.00079768250728299
"1176",0.000730609101768387
"1177",0.000570561141348305
"1178",0.000501608463989344
"1179",0.000482488324529493
"1180",0.000567639192816881
"1181",0.000493116181938932
"1182",0.000306680825649506
"1183",0.000295042041791949
"1184",0.000532684490942285
"1185",0.000339655619393832
"1186",0.000528981272169516
"1187",0.000269669271441902
"1188",0.000292653485346284
"1189",0.000275642990519488
"1190",0.000351550568050599
"1191",0.000382509554936559
"1192",0.000319459827276143
"1193",0.000283812396963628
"1194",0.000246688021587645
"1195",0.000249434260693269
"1196",0.000303583187095367
"1197",0.000334493844554568
"1198",0.000311076059394552
"1199",0.000296178495718331
"1200",0.000268008877252848
"1201",0.000272750305020054
"1202",0.000240812497941835
"1203",0.000219754839855277
"1204",0.000261322119625649
"1205",0.000223459481796798
"1206",0.000345602538218703
"1207",0.000289121984734901
"1208",0.000252194219998585
"1209",0.000433797599713582
"1210",0.000429564454322394
"1211",0.000425782422902852
"1212",0.00042154619531334
"1213",0.000417584091373182
"1214",0.000430595052406426
"1215",0.000428243412445618
"1216",0.000424448285859582
"1217",0.000419164159867487
"1218",0.000414347617012255
"1219",0.000416027120990983
"1220",0.000412817260040969
"1221",0.000410232609290396
"1222",0.000405423957951589
"1223",0.000403256894710305
"1224",0.000399959302740365
"1225",0.000398213610366842
"1226",0.000395535112137777
"1227",0.000389871041906236
"1228",0.000392165567597816
"1229",0.000388715406044514
"1230",0.000387004299228455
"1231",0.000384866981049183
"1232",0.000383909450292583
"1233",0.00037977479097319
"1234",0.000374422102595668
"1235",0.000387942164317092
"1236",0.000384480587348639
"1237",0.000379482196547644
"1238",0.000380227735093886
"1239",0.000379624090781879
"1240",0.000378193852417626
"1241",0.0003741202779807
"1242",0.000368637099540441
"1243",0.000365548680298553
"1244",0.000360274710172976
"1245",0.000442989303399583
"1246",0.00043909474338898
"1247",0.000435832272052175
"1248",0.000432738568071853
"1249",0.000428307319748511
"1250",0.000424600510515448
"1251",0.000422215360422795
"1252",0.000417370313476471
"1253",0.00044603154403363
"1254",0.000441913845601973
"1255",0.000441331396220159
"1256",0.000438641407548258
"1257",0.000438482607979724
"1258",0.000435524543714154
"1259",0.000435463055031059
"1260",0.000432154173285756
"1261",0.000434311047090669
"1262",0.000429452352765323
"1263",0.000425963026899258
"1264",0.000421371680379672
"1265",0.000416561171563526
"1266",0.000417449685418972
"1267",0.000422620934380597
"1268",0.000418205630148186
"1269",0.000415671849270296
"1270",0.000411648267982822
"1271",0.000412012639821047
"1272",0.000413072747520285
"1273",0.000411347063179127
"1274",0.000409912185236777
"1275",0.00040951822123103
"1276",0.000404986013978604
"1277",0.000404550347409701
"1278",0.000408021642818915
"1279",0.000404023819026163
"1280",0.000400778406748725
"1281",0.000396208337649269
"1282",0.000394430119540922
"1283",0.000390602321183846
"1284",0.000398720531286972
"1285",0.000393491493499149
"1286",0.000388985891340598
"1287",0.000384188397166889
"1288",0.000378765543080541
"1289",0.000375054080189519
"1290",0.000384586199977716
"1291",0.000381823970971374
"1292",0.000376630243474363
"1293",0.000373342378845588
"1294",0.000369238612414567
"1295",0.000364130900693038
"1296",0.000363091237758023
"1297",0.000357877324492087
"1298",0.000352895536425449
"1299",0.000347620558866425
"1300",0.000359987920096504
"1301",0.000360734857437577
"1302",0.000356047945262565
"1303",0.000350773453952643
"1304",0.000347246575528753
"1305",0.00034222000717394
"1306",0.000344212871071947
"1307",0.000340646919137829
"1308",0.000359885875426268
"1309",0.000355126946489873
"1310",0.000353971814097806
"1311",0.000349296991718474
"1312",0.000346525469181416
"1313",0.000342229094728866
"1314",0.00033793481026055
"1315",0.000339951617148144
"1316",0.000351907760308668
"1317",0.000348675572968289
"1318",0.000345796200845805
"1319",0.000343506957970145
"1320",0.000340408440212644
"1321",0.00033593391452748
"1322",0.000340399804908848
"1323",0.000338042606993664
"1324",0.000335131488438816
"1325",0.000329694200670285
"1326",0.000327852510615133
"1327",0.000324579413005245
"1328",0.000327394204843576
"1329",0.000325988676844346
"1330",0.000322573942193299
"1331",0.000320906194260123
"1332",0.000317661108144353
"1333",0.000313729403534659
"1334",0.000317419040666884
"1335",0.000317660773264273
"1336",0.000314968491539357
"1337",0.000315219894663623
"1338",0.00031636081759229
"1339",0.000311926887020137
"1340",0.00031133917828336
"1341",0.000309243371835377
"1342",0.00030514086564754
"1343",0.000301831694144595
"1344",0.000297704418228006
"1345",0.000294567781537066
"1346",0.000291315044390908
"1347",0.000286821583688651
"1348",0.000283249842429426
"1349",0.000291891407307536
"1350",0.000289107278730192
"1351",0.000285240383536983
"1352",0.000281064462706098
"1353",0.000279428682054019
"1354",0.000277299607669295
"1355",0.000276930874539838
"1356",0.000275334228425306
"1357",0.000271436855971306
"1358",0.000270896030305456
"1359",0.0002669525103109
"1360",0.000263215329069165
"1361",0.000259849110159961
"1362",0.000255655020349541
"1363",0.000251236738323893
"1364",0.000250445238404634
"1365",0.000247851795324243
"1366",0.000242807011177165
"1367",0.000225042051027151
"1368",0.000246667282080769
"1369",0.000242929478261481
"1370",0.000244904646981053
"1371",0.000252987940567269
"1372",0.000251190604929423
"1373",0.000250487390289404
"1374",0.00025267503927794
"1375",0.000251940417945305
"1376",0.000250740573641976
"1377",0.000252089153903457
"1378",0.000250632233476915
"1379",0.000249029073361101
"1380",0.000246599159216264
"1381",0.000250027691399663
"1382",0.000245723058373887
"1383",0.000240993743928984
"1384",0.000239820449002327
"1385",0.000236060406042693
"1386",0.0002374853813981
"1387",0.000233912860837872
"1388",0.00023580389155546
"1389",0.000231561223049826
"1390",0.000228815956812583
"1391",0.000224649799871257
"1392",0.000249730458867564
"1393",0.000256592337246237
"1394",0.000252663873571236
"1395",0.000254667314007356
"1396",0.000254684166493005
"1397",0.000273134205962825
"1398",0.000270343074251813
"1399",0.000267362181142506
"1400",0.000264089542946705
"1401",0.000260280023120677
"1402",0.000256401801180476
"1403",0.000254155388367226
"1404",0.000253098410419327
"1405",0.000257433877397861
"1406",0.000256376505364019
"1407",0.000264768697281147
"1408",0.000279218248480001
"1409",0.000276125559228093
"1410",0.000273529169244069
"1411",0.000271393731666127
"1412",0.000287617036996823
"1413",0.000288473605284071
"1414",0.000309877756129277
"1415",0.000321440707020492
"1416",0.000321872490509074
"1417",0.000322825391839294
"1418",0.00032438299620731
"1419",0.000323765270716587
"1420",0.00032182158653875
"1421",0.000318458243007237
"1422",0.000315332262294303
"1423",0.000312294978722954
"1424",0.000309539298707336
"1425",0.000310867992918603
"1426",0.000313524583271288
"1427",0.000312358207315783
"1428",0.000315020115644742
"1429",0.000311641375562596
"1430",0.000309383579270942
"1431",0.000312304105039167
"1432",0.000311619307617362
"1433",0.000319867339228714
"1434",0.000326040510640693
"1435",0.000323952569655852
"1436",0.000321301211169483
"1437",0.000326199988790308
"1438",0.000323392529755389
"1439",0.00032315775732058
"1440",0.000320526453498889
"1441",0.000318311394207214
"1442",0.000316260376586655
"1443",0.000313868474598134
"1444",0.000323710873150612
"1445",0.000320780153244823
"1446",0.000317441990154021
"1447",0.000316793678959578
"1448",0.000317529108633116
"1449",0.000314779276901391
"1450",0.000312593086796846
"1451",0.000309850780439299
"1452",0.000306626303372824
"1453",0.000303515404609255
"1454",0.000302549826924994
"1455",0.000299394376190982
"1456",0.000296568284670419
"1457",0.00029312246847312
"1458",0.000293670593709218
"1459",0.000293532821675444
"1460",0.000290495648587985
"1461",0.000289234768992365
"1462",0.000285235756004142
"1463",0.000281971291290988
"1464",0.000278419801812206
"1465",0.000274646769544108
"1466",0.000274758044360994
"1467",0.00027459873591723
"1468",0.000282162311203964
"1469",0.000290101529798794
"1470",0.000287574061936932
"1471",0.000286157015604734
"1472",0.00028437526059905
"1473",0.000282225867427247
"1474",0.000279675818727567
"1475",0.00027651010243768
"1476",0.000275001356870986
"1477",0.000271200103022207
"1478",0.000268085984839439
"1479",0.000265149596208275
"1480",0.00026234316841497
"1481",0.00028932447714148
"1482",0.000307691569521369
"1483",0.000319802087342511
"1484",0.000316342882479027
"1485",0.000314300826186339
"1486",0.000310721504694339
"1487",0.000311534296840567
"1488",0.000308761524515057
"1489",0.000306827600997762
"1490",0.000304719698008239
"1491",0.000295754816421325
"1492",0.000301702615322708
"1493",0.000298068927708834
"1494",0.000289557296826037
"1495",0.000285921255367025
"1496",0.000292063647113942
"1497",0.000304037450086667
"1498",0.00030140245030307
"1499",0.000300275398140171
"1500",0.000297992295038603
"1501",0.000295181622233606
"1502",0.000292496779667025
"1503",0.000289285877720819
"1504",0.000288420455073668
"1505",0.000293115439921826
"1506",0.000290656069679162
"1507",0.000288318111799297
"1508",0.000285904475488304
"1509",0.000285600320957412
"1510",0.000281085101122909
"1511",0.000278992201104073
"1512",0.000275218995285124
"1513",0.000274038041955382
"1514",0.000275021330164255
"1515",0.000230476882222085
"1516",0.000220346966275607
"1517",0.000273479897508424
"1518",0.000272686040989501
"1519",0.000278621595699739
"1520",0.000275370164333289
"1521",0.000272700648938313
"1522",0.000270104447837271
"1523",0.000269682659389815
"1524",0.000266364427561434
"1525",0.000264038100515985
"1526",0.000265742236790439
"1527",0.000263676039050146
"1528",0.000260186629592094
"1529",0.000220008487773228
"1530",0.000221063150090184
"1531",0.000227303217271407
"1532",0.000229121914793411
"1533",0.000216481812966666
"1534",0.000226173552541127
"1535",0.000212072354669597
"1536",0.000383878615682325
"1537",0.000225576679505723
"1538",0.00022196411894515
"1539",0.000286047185313058
"1540",0.000215789491149442
"1541",0.000219985555904747
"1542",0.000213009620910746
"1543",0.00026471242397679
"1544",0.000317894475099735
"1545",0.000222692645834717
"1546",0.000221480649572803
"1547",0.000230565506639347
"1548",0.000213748553799605
"1549",0.000212985648529485
"1550",0.000217697689660354
"1551",0.000214407969425491
"1552",0.000204525340828341
"1553",0.000215903626380677
"1554",0.000201407423282546
"1555",0.000270246629078555
"1556",0.000269611158132621
"1557",0.000278779923970885
"1558",0.000281909302778093
"1559",0.000288182574036789
"1560",0.000287937562317398
"1561",0.00028512074709136
"1562",0.000283497277463538
"1563",0.000280400055817195
"1564",0.000277550404711779
"1565",0.000274596056558595
"1566",0.000271343333801326
"1567",0.000291386287417506
"1568",0.000292239983326897
"1569",0.000289479506988938
"1570",0.00028742838950031
"1571",0.000290930974575747
"1572",0.000287809306152843
"1573",0.000287605435916396
"1574",0.000285752730747149
"1575",0.000284380883644794
"1576",0.00028287583933216
"1577",0.000279991156007988
"1578",0.000276272896365557
"1579",0.00027588593032228
"1580",0.000274842130863882
"1581",0.000273371660321373
"1582",0.000274501875334821
"1583",0.000273371427352435
"1584",0.000270182218648022
"1585",0.000266447183814517
"1586",0.000265719608799654
"1587",0.000262012388464146
"1588",0.00025948243323877
"1589",0.00025630220038279
"1590",0.000255884974083476
"1591",0.000251594743931421
"1592",0.000249659731919963
"1593",0.000245204093944654
"1594",0.000242315653060966
"1595",0.000239805247574505
"1596",0.000237449318030938
"1597",0.000237355967575848
"1598",0.00023556259009055
"1599",0.000234307940817196
"1600",0.000231264438967808
"1601",0.000230014403369373
"1602",0.000227669289346431
"1603",0.000226855792522173
"1604",0.0002238450503197
"1605",0.000220858286649853
"1606",0.000218942910862421
"1607",0.000215798649863999
"1608",0.000214997703872981
"1609",0.000212421799472186
"1610",0.00021101251322662
"1611",0.000215625295362047
"1612",0.000213104629261814
"1613",0.000209886478335594
"1614",0.000208281186686403
"1615",0.000206125964410338
"1616",0.000204881287192175
"1617",0.00020453040601751
"1618",0.000201520694867349
"1619",0.000199200799446814
"1620",0.00019738680097944
"1621",0.000195311782340304
"1622",0.000193040512455704
"1623",0.000210197046928482
"1624",0.000190731665111934
"1625",0.000188754827577122
"1626",0.000206001800877216
"1627",0.000177969550245824
"1628",0.000212881408272008
"1629",0.000182893816825438
"1630",0.000179472918406486
"1631",0.00019004514413882
"1632",0.000197570850990447
"1633",0.000203791770615781
"1634",0.000203960602043424
"1635",0.000202462533061491
"1636",0.000203375742948751
"1637",0.00020076223736494
"1638",0.000200845299423424
"1639",0.000202793246245332
"1640",0.000200470871156439
"1641",0.000197437637923961
"1642",0.000194398416330693
"1643",0.000193443229789085
"1644",0.000196344095177623
"1645",0.000203783075849061
"1646",0.00020067565912956
"1647",0.000206424148872631
"1648",0.00020715794230151
"1649",0.000206949301067256
"1650",0.00020422855984335
"1651",0.000214945480622628
"1652",0.000214094824971013
"1653",0.000222290401645875
"1654",0.000222624140713775
"1655",0.000224372367582568
"1656",0.000229298768133473
"1657",0.000227182616439906
"1658",0.000225360155914507
"1659",0.000226988674047955
"1660",0.000240783641351592
"1661",0.000239091674136717
"1662",0.000240861396425412
"1663",0.000238130867237436
"1664",0.000238165663879543
"1665",0.000236861935376453
"1666",0.000235924689241597
"1667",0.000237441514477444
"1668",0.000236038585319061
"1669",0.000235863769625978
"1670",0.0002343447123798
"1671",0.000232041512596493
"1672",0.000230019162823302
"1673",0.000226995134453816
"1674",0.00022557239042115
"1675",0.000225672095899152
"1676",0.000227776721608261
"1677",0.000225309473501537
"1678",0.000234028572089251
"1679",0.000232043215532552
"1680",0.000230450401208863
"1681",0.000227724448134234
"1682",0.000228764519123998
"1683",0.000227520983891648
"1684",0.000225361998405531
"1685",0.000226399879915768
"1686",0.00022548825917728
"1687",0.00022440197014357
"1688",0.000222441811356515
"1689",0.000227500352752234
"1690",0.00023160802734375
"1691",0.00023021257477209
"1692",0.000227442916836156
"1693",0.000226370597366754
"1694",0.000223954492957376
"1695",0.000221230373927026
"1696",0.000222169367805525
"1697",0.00022018725869824
"1698",0.000218241260250824
"1699",0.000216315507164193
"1700",0.000216575696323156
"1701",0.00021374184396032
"1702",0.000212701411565064
"1703",0.00021039000095639
"1704",0.000208196921498507
"1705",0.000204568052531607
"1706",0.000202783103255101
"1707",0.000199855573348002
"1708",0.000198174336776879
"1709",0.000196804171236266
"1710",0.000195687717681149
"1711",0.000193406997709406
"1712",0.000191286578927835
"1713",0.000189259740609663
"1714",0.00018724550878486
"1715",0.000184607087061498
"1716",0.000183689477982123
"1717",0.000181109623311681
"1718",0.000178648238386438
"1719",0.000176797436553507
"1720",0.000177699986930993
"1721",0.000176786026381664
"1722",0.000174973790846522
"1723",0.000172808507211667
"1724",0.000171087648989625
"1725",0.000177892642776969
"1726",0.000177141367303397
"1727",0.000174784811407759
"1728",0.000172726634082982
"1729",0.000170621254270565
"1730",0.00016809681882848
"1731",0.000166863213034315
"1732",0.000164315664843987
"1733",0.000166824498008586
"1734",0.000140958037772831
"1735",0.000171388335961337
"1736",0.000133488221469484
"1737",0.000133918830149764
"1738",0.00013910113149384
"1739",0.000134096260507862
"1740",0.000129575329198055
"1741",0.000173776551135393
"1742",0.000177817048183709
"1743",0.000171120207848256
"1744",0.000171296929062153
"1745",0.000170482672306534
"1746",0.000168535768605329
"1747",0.000166322617178981
"1748",0.000166806136121435
"1749",0.000164423833830042
"1750",0.000164464851628673
"1751",0.000162231630464319
"1752",0.000160666777050798
"1753",0.000159280388052394
"1754",0.000158103085343889
"1755",0.00015580989946392
"1756",0.000153931003600426
"1757",0.000151789068753536
"1758",0.00015073368531118
"1759",0.000149522052272703
"1760",0.000150285685865126
"1761",0.000152563820074304
"1762",0.000153508732012752
"1763",0.000151611643157265
"1764",0.000150755072180894
"1765",0.000148756277907644
"1766",0.000146336799358176
"1767",0.000144450573049382
"1768",0.000142538533235013
"1769",0.000141893870482128
"1770",0.000140838364481082
"1771",0.000142011945267365
"1772",0.000140531051004814
"1773",0.000138729323111845
"1774",0.000136220332249993
"1775",0.000134488342767803
"1776",0.000132282750351569
"1777",0.000128549300869881
"1778",0.000124094661159415
"1779",0.000135903876580387
"1780",0.000129970283823869
"1781",0.000123883525017049
"1782",0.000143334953442835
"1783",0.000137463464779265
"1784",0.000131739941107104
"1785",0.000131563777006431
"1786",0.000133657089850727
"1787",0.000137595122077961
"1788",0.000135827012290583
"1789",0.000130467725459653
"1790",0.00013162069701287
"1791",0.00014882141132847
"1792",0.000143898997554408
"1793",0.000136225265397378
"1794",0.000132651925195667
"1795",0.000101890235292715
"1796",0.000128351795077161
"1797",0.000124218321871985
"1798",0.000121210068596491
"1799",0.000115055621713048
"1800",0.000115013604381457
"1801",0.000109067275584211
"1802",0.000103014063897787
"1803",9.85685792922966e-05
"1804",9.28857084525858e-05
"1805",9.00435667988025e-05
"1806",9.14270596092449e-05
"1807",9.35544610564883e-05
"1808",9.20853905497325e-05
"1809",9.3177548350816e-05
"1810",9.36527366071193e-05
"1811",9.58182089625349e-05
"1812",9.18745626674834e-05
"1813",8.78326587760329e-05
"1814",8.32328111162583e-05
"1815",8.01083454972578e-05
"1816",7.53709140324849e-05
"1817",0.000103641088012744
"1818",9.82549635800694e-05
"1819",9.38319488047503e-05
"1820",9.88250744972229e-05
"1821",9.96694421043021e-05
"1822",0.000130819441943052
"1823",0.000123252411498623
"1824",0.000116469709186183
"1825",0.000109569135251581
"1826",0.000108972368940008
"1827",0.000102597356576412
"1828",9.75769502503934e-05
"1829",9.25456302692963e-05
"1830",8.85202214786766e-05
"1831",8.49913105879457e-05
"1832",9.08472961516012e-05
"1833",9.27398044723156e-05
"1834",9.40158767613449e-05
"1835",8.93751768534535e-05
"1836",8.59698516431224e-05
"1837",9.19860682493577e-05
"1838",9.59003944848869e-05
"1839",9.01522217531271e-05
"1840",8.54083212190007e-05
"1841",9.11200751921202e-05
"1842",8.34608640622299e-05
"1843",8.07353303851709e-05
"1844",8.22941054055488e-05
"1845",7.60118628676388e-05
"1846",7.34059192393996e-05
"1847",6.87989110965198e-05
"1848",6.58470732081258e-05
"1849",7.34128631945044e-05
"1850",6.56874276850457e-05
"1851",6.28086309003483e-05
"1852",6.22114199444683e-05
"1853",5.47280533775011e-05
"1854",5.8477586788157e-05
"1855",6.35035354387817e-05
"1856",5.71250038250137e-05
"1857",5.45949254252523e-05
"1858",4.78857340140844e-05
"1859",4.71887201028313e-05
"1860",4.25500318507687e-05
"1861",4.38032907671468e-05
"1862",4.26023853957546e-05
"1863",5.11213614743785e-05
"1864",4.46019747394752e-05
"1865",9.09593697191886e-05
"1866",0.000196568965556239
"1867",0.000145717527616699
"1868",0.000145727204067164
"1869",0.000124115075876875
"1870",0.000117095978605027
"1871",0.000110150715843286
"1872",0.000141328509193694
"1873",0.000113782949156611
"1874",0.000113423196430549
"1875",0.000104154575310757
"1876",9.89888923908522e-05
"1877",9.2870695174587e-05
"1878",8.85537405972868e-05
"1879",8.51012395904111e-05
"1880",8.07663965767618e-05
"1881",7.67722500590817e-05
"1882",7.38892784814596e-05
"1883",7.14660808597907e-05
"1884",7.62503106686419e-05
"1885",7.33953867103469e-05
"1886",6.97616108451665e-05
"1887",6.68483311108947e-05
"1888",0.000112269947628437
"1889",0.000105980355105934
"1890",9.84054276606608e-05
"1891",8.76025756536755e-05
"1892",8.4038184873495e-05
"1893",7.65667889246159e-05
"1894",7.01816492579178e-05
"1895",6.9175935886954e-05
"1896",7.3288257783124e-05
"1897",6.85963721499409e-05
"1898",7.66960302537438e-05
"1899",7.09234692785766e-05
"1900",7.20909754927222e-05
"1901",6.60135919237939e-05
"1902",6.71003310398609e-05
"1903",6.27460692244164e-05
"1904",5.27296840186304e-05
"1905",0.000103025768350429
"1906",5.37289454328549e-05
"1907",5.41395736100189e-05
"1908",5.27077594466326e-05
"1909",5.26838378066268e-05
"1910",5.45396728528639e-05
"1911",5.85594139909816e-05
"1912",5.71547873342866e-05
"1913",5.86576990970776e-05
"1914",6.01533095817848e-05
"1915",5.58873755912814e-05
"1916",5.86838580164784e-05
"1917",5.84264085594214e-05
"1918",5.64575618295699e-05
"1919",5.54712411934572e-05
"1920",5.45694362457953e-05
"1921",5.29700008487512e-05
"1922",5.29105267386211e-05
"1923",5.14209441339471e-05
"1924",4.94956740413063e-05
"1925",4.83744352179424e-05
"1926",5.07235159580858e-05
"1927",6.31331666470485e-05
"1928",6.24594640054007e-05
"1929",6.32136718003163e-05
"1930",6.56323213746028e-05
"1931",6.50787284533369e-05
"1932",6.51246534648638e-05
"1933",6.48424228371317e-05
"1934",6.64544535277836e-05
"1935",6.56222957565927e-05
"1936",6.55805105681711e-05
"1937",6.44804303558459e-05
"1938",6.39253145363827e-05
"1939",6.32129348206574e-05
"1940",7.67002643428819e-05
"1941",7.584153801512e-05
"1942",7.62742665518798e-05
"1943",7.58890920504875e-05
"1944",7.51758417233501e-05
"1945",7.47809149459602e-05
"1946",7.4424768477819e-05
"1947",7.37416901191482e-05
"1948",7.47780001741693e-05
"1949",7.83343230742813e-05
"1950",7.79763067500318e-05
"1951",7.7740234749865e-05
"1952",7.85082931431682e-05
"1953",7.91185275869184e-05
"1954",7.86793087825614e-05
"1955",8.0182861158909e-05
"1956",8.08983103517361e-05
"1957",8.00378736513902e-05
"1958",7.92477754698736e-05
"1959",7.95034255285634e-05
"1960",7.8787043443459e-05
"1961",7.88674274585217e-05
"1962",7.89948818930433e-05
"1963",7.81447577231863e-05
"1964",7.78463231786069e-05
"1965",7.79705571889297e-05
"1966",8.10046446172898e-05
"1967",8.13196718004307e-05
"1968",8.16232939246193e-05
"1969",8.11332716831785e-05
"1970",8.03133655448692e-05
"1971",7.99226210722329e-05
"1972",7.92520086974706e-05
"1973",7.84534863939522e-05
"1974",7.91404933269159e-05
"1975",7.77334371344525e-05
"1976",7.73640517386391e-05
"1977",7.76816055979763e-05
"1978",7.70944207310976e-05
"1979",7.66802893057134e-05
"1980",7.58749426804229e-05
"1981",7.53677730801567e-05
"1982",7.45229953523608e-05
"1983",7.50974877502234e-05
"1984",8.98805361625135e-05
"1985",9.19559865586193e-05
"1986",9.16009499667274e-05
"1987",9.21724099907742e-05
"1988",0.000204203687502316
"1989",0.000108060876846263
"1990",8.60061724609423e-05
"1991",0.000176668494186076
"1992",7.5808578072912e-05
"1993",0.000164501980938568
"1994",7.20192938072718e-05
"1995",9.49682025139426e-05
"1996",0.000103202520657025
"1997",7.64120005497312e-05
"1998",8.48735669921208e-05
"1999",7.11377685782046e-05
"2000",0.000107647907906181
"2001",9.46689707387352e-05
"2002",7.79781718236075e-05
"2003",8.35989420752022e-05
"2004",7.16467155079005e-05
"2005",7.77222108570874e-05
"2006",7.15914043287469e-05
"2007",8.65770356078706e-05
"2008",0.000124462859664258
"2009",0.000196621858537924
"2010",8.46129670581699e-05
"2011",9.4126415815571e-05
"2012",7.68382376178596e-05
"2013",0.000137829744332779
"2014",9.97922604433633e-05
"2015",0.000106089459393487
"2016",8.04934553806454e-05
"2017",7.77808126799624e-05
"2018",7.17156313942071e-05
"2019",7.23685270219409e-05
"2020",9.35166885163899e-05
"2021",0.000137662484013298
"2022",0.000157361119213146
"2023",9.56956656812345e-05
"2024",0.000140259224900312
"2025",9.66105576740552e-05
"2026",8.46206730709524e-05
"2027",9.86399702779932e-05
"2028",7.70520761765728e-05
"2029",8.90522267141962e-05
"2030",9.14821553299976e-05
"2031",7.64554352249285e-05
"2032",7.1161863996857e-05
"2033",9.98974069132874e-05
"2034",0.00012645202612726
"2035",8.47717708688309e-05
"2036",0.000104199154593933
"2037",7.44673790849135e-05
"2038",0.00010485324212555
"2039",7.87868338370145e-05
"2040",8.79743901563442e-05
"2041",7.81723755369119e-05
"2042",0.00016635298648371
"2043",7.21779753470431e-05
"2044",7.7544812443094e-05
"2045",7.02621824598425e-05
"2046",0.000112114083198417
"2047",0.000193322127659892
"2048",9.3180385813858e-05
"2049",0.000155240140483391
"2050",0.000122282273101858
"2051",0.000143322589290472
"2052",0.000126372208226915
"2053",0.000130185592899437
"2054",0.000105856744718622
"2055",0.000145743541268611
"2056",0.00012447759966315
"2057",0.00014659865181806
"2058",0.000118199147413138
"2059",0.000137940650048926
"2060",0.000110609991075591
"2061",8.09955079263465e-05
"2062",8.12369747135505e-05
"2063",7.85143026595429e-05
"2064",0.000152140181676828
"2065",0.000136538347198477
"2066",8.44693948724806e-05
"2067",0.000307961785470754
"2068",0.000185951520965035
"2069",0.000337753445341951
"2070",0.00026835682126227
"2071",0.000282562986266895
"2072",0.000262221230546271
"2073",0.000345215827351215
"2074",0.00029586586690412
"2075",0.000428800786302557
"2076",0.000422121109147495
"2077",0.000409298398435991
"2078",0.000365085074791685
"2079",0.000351588798026838
"2080",0.000327322810380973
"2081",0.000314868318843422
"2082",0.000299118533572013
"2083",0.000313483326930579
"2084",0.00032613569388379
"2085",0.000304043837212512
"2086",0.000311301095143009
"2087",0.000291554374648851
"2088",0.000295686350234584
"2089",0.000284405012576872
"2090",0.000282257474489109
"2091",0.000270916955315675
"2092",0.00026590893829876
"2093",0.000256882814747837
"2094",0.000250391861745035
"2095",0.000257367357821448
"2096",0.00024697602281044
"2097",0.000101989407712763
"2098",9.58252837826614e-05
"2099",0.000141069622988005
"2100",0.000106182486512457
"2101",9.93662828251165e-05
"2102",0.000151558118538847
"2103",0.000123270368935808
"2104",0.000112860935080603
"2105",9.7847460258848e-05
"2106",0.000155064947017348
"2107",0.000143898984858861
"2108",0.000384630372519557
"2109",0.000216784577200827
"2110",0.000155227267189756
"2111",0.00028235734812124
"2112",0.000214161017743751
"2113",0.00015472368259151
"2114",0.000128622794849763
"2115",0.000254898039612508
"2116",0.000180826356592569
"2117",0.000200638605897312
"2118",0.000239493690131768
"2119",0.00024413973366242
"2120",0.000279561616447325
"2121",0.000731460021772497
"2122",0.000755363380235227
"2123",0.000483811673681166
"2124",0.000306578681415634
"2125",0.000298192617411385
"2126",0.000343711380281706
"2127",0.000281403550192715
"2128",0.000402990095788981
"2129",0.000323914744213845
"2130",0.000248217900367794
"2131",0.000755576318535938
"2132",0.000598839126136872
"2133",0.000501189013061675
"2134",0.000639392908700341
"2135",0.00053838142251602
"2136",0.000449302293871583
"2137",0.000577181260818986
"2138",0.00122907369840215
"2139",0.000649335272526963
"2140",0.000764832787020541
"2141",0.000506169538650998
"2142",0.000589332895682666
"2143",0.000405185644568974
"2144",0.000994009670135096
"2145",0.000680293260770333
"2146",0.000586969233832973
"2147",0.000498781592831297
"2148",0.000678856399744351
"2149",0.000627932017366522
"2150",0.000530996420093662
"2151",0.000550549281841186
"2152",0.000488871372609811
"2153",0.000627360415587392
"2154",0.000653259367764769
"2155",0.000559810841393791
"2156",0.000550993731267056
"2157",0.000577253911495994
"2158",0.000502984965859563
"2159",0.000564489345981571
"2160",0.000518083096327216
"2161",0.000579209383362635
"2162",0.000554751469437917
"2163",0.000528321384934013
"2164",0.000735411037198162
"2165",0.00065544510360016
"2166",0.00058867804146545
"2167",0.000548779882767193
"2168",0.000513552223972757
"2169",0.000460067381765548
"2170",0.000437793070841957
"2171",0.00040276702077087
"2172",0.000374536486526923
"2173",0.000390142108199844
"2174",0.00037666297976832
"2175",0.000362924745680374
"2176",0.000506503195810797
"2177",0.000482797857739056
"2178",0.000468606024495183
"2179",0.000429026269369459
"2180",0.000426706175159504
"2181",0.000385134200771239
"2182",0.000348947631340136
"2183",0.000390362688546498
"2184",0.000385773207165103
"2185",0.000386509870982944
"2186",0.00037128728376064
"2187",0.000348158214888078
"2188",0.000375629528383572
"2189",0.000362504213450216
"2190",0.000345363078446737
"2191",0.000324920020818775
"2192",0.000294972331564296
"2193",0.00028272792337247
"2194",0.000287106361529983
"2195",0.000258999149719084
"2196",0.000239160304791482
"2197",0.000213695732821363
"2198",0.000199947590810846
"2199",0.000179019591687398
"2200",0.000160264900526334
"2201",0.000206659125865786
"2202",0.000199900796850971
"2203",0.000208726456868959
"2204",0.000220935703640597
"2205",0.000201133931608581
"2206",0.000183176727345418
"2207",0.000172201295254432
"2208",0.000159689194717293
"2209",0.000154306931675084
"2210",0.000142317103517868
"2211",0.000131340361780816
"2212",0.000124750108742438
"2213",0.000137729362258646
"2214",0.000127770754432518
"2215",0.000126536231229339
"2216",0.000118827225024191
"2217",0.000114250264216517
"2218",0.000107979676542032
"2219",0.000144443901985964
"2220",0.0001490131083121
"2221",0.000189819386644678
"2222",0.000252737306232534
"2223",0.00038637184753414
"2224",0.00033313897582265
"2225",0.000284116974843885
"2226",0.00025979994049728
"2227",0.000234797884155148
"2228",0.000287738281973616
"2229",0.000259621713337842
"2230",0.000230883771541801
"2231",0.000261741927053828
"2232",0.00023460157173396
"2233",0.000214364925920631
"2234",0.000207113258205585
"2235",0.000190288023047347
"2236",0.000172150061861542
"2237",0.000165902654286618
"2238",0.000155805381253877
"2239",0.000140417529871139
"2240",0.000132819344921154
"2241",0.000125506203267617
"2242",0.000116795268897916
"2243",0.000106569045201677
"2244",9.43723959859403e-05
"2245",8.50536244997229e-05
"2246",8.62468372279665e-05
"2247",7.94955454933583e-05
"2248",7.12313951450251e-05
"2249",6.25560853381575e-05
"2250",9.69180807625755e-05
"2251",0.000141489744723497
"2252",0.000146254464070644
"2253",0.000129592565671594
"2254",0.00020491698193214
"2255",0.000177648959215626
"2256",0.000183395592062901
"2257",0.00015872006730495
"2258",0.000179654775141843
"2259",0.000159841429214519
"2260",0.000154108664371657
"2261",0.000193395546374286
"2262",0.000167036679015678
"2263",0.00017770951425531
"2264",0.000174821737348808
"2265",0.000326338876913357
"2266",0.000274415522664842
"2267",0.00110539938526803
"2268",0.000832872121819827
"2269",0.000652650209436482
"2270",0.000514851623321325
"2271",0.00047243923740654
"2272",0.000382086798829235
"2273",0.000566465633817615
"2274",0.000493026838515912
"2275",0.000403773255788265
"2276",0.000361058389165184
"2277",0.000330907924059409
"2278",0.000275767079400814
"2279",0.000236476055281609
"2280",0.000408266102910403
"2281",0.00034081870666485
"2282",0.000298424812074497
"2283",0.000260501530161208
"2284",0.00029520898707319
"2285",0.000256892305636841
"2286",0.000233981939250087
"2287",0.000206586998263762
"2288",0.000197277324829257
"2289",0.000203763629324402
"2290",0.000180037151529813
"2291",0.000197775844768401
"2292",0.000243693519501593
"2293",0.00030533712659652
"2294",0.000283113789232985
"2295",0.000267797457641523
"2296",0.0002345100215632
"2297",0.00021602191245037
"2298",0.000196369516247667
"2299",0.00023477394487683
"2300",0.000223383618953266
"2301",0.000195966761243436
"2302",0.000177226358689242
"2303",0.000173121684116998
"2304",0.000161475697491014
"2305",0.000290966897978754
"2306",0.000262098509033202
"2307",0.000234945225894327
"2308",0.00025059682389099
"2309",0.00030397299223293
"2310",0.000272199626569208
"2311",0.000243299173000668
"2312",0.000220400350972272
"2313",0.000194645581847104
"2314",0.000182344713245756
"2315",0.000172106823861436
"2316",0.000192895013782299
"2317",0.000188671675053904
"2318",0.00016786669958143
"2319",0.000178208495728632
"2320",0.000159357597189176
"2321",0.000140865295419726
"2322",0.000123485986159801
"2323",0.000109678875272444
"2324",0.000111550080199479
"2325",0.000114344081079815
"2326",0.000102738521728363
"2327",9.2424903711458e-05
"2328",8.22887346484376e-05
"2329",9.05818585191856e-05
"2330",0.000102990624435348
"2331",0.000176520067592208
"2332",0.000152756772584404
"2333",0.000147240703986088
"2334",0.000134148417166664
"2335",0.000121326232752078
"2336",0.000106710909117544
"2337",9.38586121876549e-05
"2338",8.8812374699343e-05
"2339",8.39283208810922e-05
"2340",7.36185677227213e-05
"2341",0.000219520398498054
"2342",0.000197476391197663
"2343",0.000174686406194536
"2344",0.000159237801597223
"2345",0.00014305132739771
"2346",0.000146259126346998
"2347",0.000296266668419643
"2348",0.000255392473347191
"2349",0.00027964209446795
"2350",0.000263846132446314
"2351",0.000351868499775769
"2352",0.000302395664189643
"2353",0.000265345975156918
"2354",0.00026191589302261
"2355",0.000275773288612413
"2356",0.000288647732182209
"2357",0.000276712244975407
"2358",0.000248667914965916
"2359",0.000232118318628652
"2360",0.000210719368715289
"2361",0.000188889959627865
"2362",0.000171596004278809
"2363",0.000156660734830231
"2364",0.000144742129836649
"2365",0.000132552999989128
"2366",0.000124935897174776
"2367",0.000132428587948753
"2368",0.000121232214023843
"2369",0.000119950225620009
"2370",0.000109677482238754
"2371",0.000102212854855137
"2372",9.59320752292915e-05
"2373",8.88510411278289e-05
"2374",8.2832385946467e-05
"2375",7.53564516048367e-05
"2376",0.000127899154065712
"2377",0.000216152140513891
"2378",0.000197918698130176
"2379",0.000340292200385589
"2380",0.000317659617457091
"2381",0.000274225913834032
"2382",0.000237524117038276
"2383",0.000206860195479257
"2384",0.000190149198513112
"2385",0.000167581895395103
"2386",0.00017319372256251
"2387",0.000183897017761153
"2388",0.000163159829354569
"2389",0.000155950354077948
"2390",0.0001513441058026
"2391",0.000132718032380245
"2392",0.000116164526953525
"2393",0.000109076113469213
"2394",9.57509057146152e-05
"2395",8.8050560211277e-05
"2396",8.14102093779916e-05
"2397",7.85511477350354e-05
"2398",7.15620706801059e-05
"2399",7.49349665874709e-05
"2400",7.98198272692897e-05
"2401",0.000125087861991803
"2402",0.000126263699693756
"2403",0.000126457931996227
"2404",0.000129002936613604
"2405",0.00013504720282422
"2406",0.00013186390230333
"2407",0.000131631248172638
"2408",0.000133132085584919
"2409",0.000129173547272361
"2410",0.000132341624879621
"2411",0.000131335173981611
"2412",0.000131035324130973
"2413",0.000135245093154505
"2414",0.000133707657276731
"2415",0.000132856761737555
"2416",0.000135418719580343
"2417",0.000134187757772957
"2418",0.00013121044600556
"2419",0.000130900476316041
"2420",0.000129634630709666
"2421",0.000134340788128886
"2422",0.000135292568922136
"2423",0.000133421526509028
"2424",0.000131695881189927
"2425",0.000133038712255154
"2426",0.000131475586994997
"2427",0.000129931954200322
"2428",0.000132310071852868
"2429",0.000133870698324675
"2430",0.000134104479996581
"2431",0.000133185176718516
"2432",0.000131469981330827
"2433",0.000129606073897006
"2434",0.000127841016295386
"2435",0.00012781622763612
"2436",0.000126508844560395
"2437",0.000125714255630186
"2438",0.000125285257747635
"2439",0.000124762138228266
"2440",0.000123876175766515
"2441",0.000123556388291604
"2442",0.000124134147213589
"2443",0.000124582208134693
"2444",0.000122808158908793
"2445",0.000122058960967699
"2446",0.000121229180745145
"2447",0.000119634837560003
"2448",0.000119926751932839
"2449",0.000118594874022222
"2450",0.000116681324004922
"2451",0.000118053595827013
"2452",0.00011686928800632
"2453",0.000115725651187579
"2454",0.000115195866711286
"2455",0.000114005091125797
"2456",0.000113533323242277
"2457",0.000111858202960911
"2458",0.000111117981326782
"2459",0.00010939508402507
"2460",0.000106211077575826
"2461",0.000105524214938836
"2462",0.000105163144019225
"2463",9.85487880657266e-05
"2464",0.000101953043123462
"2465",9.61653543335529e-05
"2466",9.60921678453653e-05
"2467",9.07955043459254e-05
"2468",8.79418219346264e-05
"2469",9.51571709596851e-05
"2470",0.0001132822526663
"2471",0.000112467813637329
"2472",0.000111265640727496
"2473",0.000110696889185703
"2474",0.000118346996588328
"2475",0.000121385624201812
"2476",0.000119831966026539
"2477",0.000117996815949319
"2478",0.000121683382314777
"2479",0.000120552594469951
"2480",0.000120693514173675
"2481",0.000118857199481757
"2482",0.000117079530793207
"2483",0.00011685484736667
"2484",0.000114656150449365
"2485",0.000114412204384144
"2486",0.000112932706748949
"2487",0.000112151129625541
"2488",0.000110521693338098
"2489",0.000110309132332709
"2490",0.000111732399562408
"2491",0.000110240579050636
"2492",0.000110092002942632
"2493",0.000108660376883364
"2494",0.000107741824306796
"2495",0.000106027328275631
"2496",0.000104649744727737
"2497",0.000102857639420775
"2498",0.00010164443200398
"2499",9.90969745261861e-05
"2500",9.56809597576815e-05
"2501",9.49906916336669e-05
"2502",9.39766116583399e-05
"2503",9.25195046254243e-05
"2504",8.95230258655776e-05
"2505",9.27615117394809e-05
"2506",9.0479899848563e-05
"2507",8.96649556544328e-05
"2508",8.67368876193038e-05
"2509",8.47099893564367e-05
"2510",8.25234286928076e-05
"2511",8.05085335360038e-05
"2512",7.93534428042768e-05
"2513",7.69775155637381e-05
"2514",7.53590803187144e-05
"2515",7.39172685411751e-05
"2516",7.51073026569371e-05
"2517",7.24301153497768e-05
"2518",0.000101659141300891
"2519",0.000106754909770264
"2520",0.000108597305658152
"2521",0.000108268220624577
"2522",0.000113206156991745
"2523",0.000114327694898458
"2524",0.000115903023701513
"2525",0.000118563931488431
"2526",0.00011709929588955
"2527",0.000115970798928504
"2528",0.000130711953120252
"2529",0.000130619211959857
"2530",0.000129259452452183
"2531",0.00013171642539162
"2532",0.000131506217039527
"2533",0.000135293664309552
"2534",0.000134292825727176
"2535",0.000133031772201487
"2536",0.000132245130090764
"2537",0.000131392617072854
"2538",0.000130084328153951
"2539",0.000129275044542743
"2540",0.000129666184710176
"2541",0.000135252334650505
"2542",0.00013439452866304
"2543",0.00013318094512702
"2544",0.000132641663374643
"2545",0.000133069880832893
"2546",0.000132015730038718
"2547",0.000131289600511316
"2548",0.000131311823077959
"2549",0.000130306649830811
"2550",0.000129181121081869
"2551",0.000129464315158896
"2552",0.000128316507036901
"2553",0.000126937932059072
"2554",0.000126766786116648
"2555",0.000126250188180378
"2556",0.00012499700401751
"2557",0.000127087790742251
"2558",0.000125711977707984
"2559",0.000124372216286506
"2560",0.000123662716825697
"2561",0.000123901752207343
"2562",0.000124297756504683
"2563",0.000132259406153866
"2564",0.000131050067500397
"2565",0.000134612398090986
"2566",0.000133657984130786
"2567",0.000132553968916686
"2568",0.00013145290729437
"2569",0.000131060548251856
"2570",0.000130001115865996
"2571",0.000129713856239688
"2572",0.000128501549032539
"2573",0.000128335174646895
"2574",0.00012696051061576
"2575",0.000130296975239204
"2576",0.000129035575509949
"2577",0.000128725830978843
"2578",0.000127451737582321
"2579",0.000126117787794856
"2580",0.000124733864134288
"2581",0.000126240565933948
"2582",0.000125403767459915
"2583",0.00012641342818752
"2584",0.000125106609395716
"2585",0.000124048469287437
"2586",0.000122779203248103
"2587",0.000122887629658441
"2588",0.000123530311217401
"2589",0.000122742046381271
"2590",0.000121718677847072
"2591",0.000120757813796573
"2592",0.000119495868968629
"2593",0.000119945843827558
"2594",0.000119742720522763
"2595",0.000119847873204317
"2596",0.000119086124919044
"2597",0.00011878304792981
"2598",0.000117905207766777
"2599",0.00011912847318834
"2600",0.000131711327862683
"2601",0.000131321294376948
"2602",0.000130338954916229
"2603",0.000130980439354853
"2604",0.00012945966063761
"2605",0.000128395031236391
"2606",0.000127631760985096
"2607",0.000126995597523808
"2608",0.000127167484680931
"2609",0.000126460237755739
"2610",0.000125179237397443
"2611",0.000124637478489736
"2612",0.000123905339993338
"2613",0.000125014305396701
"2614",0.000127245854940368
"2615",0.000126709510062355
"2616",0.000125506437009452
"2617",0.000124830327537413
"2618",0.000123952436500448
"2619",0.000122625792901983
"2620",0.000122665715587579
"2621",0.000121451899136302
"2622",0.000120063248516473
"2623",0.000118665752413861
"2624",0.000117548651078981
"2625",0.000117023924124771
"2626",0.000115326483268721
"2627",0.000114519977784956
"2628",0.000114517200397765
"2629",0.000123349564048299
"2630",0.000121905857329506
"2631",0.000123448794450503
"2632",0.000121897185167099
"2633",0.000121135685735951
"2634",0.000120530427955421
"2635",0.000118986836434994
"2636",0.000119070838974748
"2637",0.000117926772784801
"2638",0.000116546376712133
"2639",0.000115829698043548
"2640",0.000114959618226368
"2641",0.00011443951841686
"2642",0.000112468737703827
"2643",0.000111631291605556
"2644",0.000110503738793242
"2645",0.000108990058060542
"2646",0.0001079910567694
"2647",0.000106562120564086
"2648",0.000105723817099973
"2649",0.000105066526975067
"2650",0.000103343757239561
"2651",0.000102122071166396
"2652",0.000102673613430622
"2653",0.000103230948022261
"2654",0.000102006602396059
"2655",0.000102005636421765
"2656",0.000100875886416391
"2657",0.000100238333745655
"2658",9.97130558114368e-05
"2659",9.81696840618805e-05
"2660",9.68329677263154e-05
"2661",9.62671213124435e-05
"2662",9.85621380862277e-05
"2663",9.92026335275312e-05
"2664",9.74758128612087e-05
"2665",9.79764575740437e-05
"2666",9.66996675836546e-05
"2667",9.56689994377199e-05
"2668",9.43106280442748e-05
"2669",9.28690750674685e-05
"2670",9.2229769947231e-05
"2671",9.12397976466601e-05
"2672",9.51348409599313e-05
"2673",9.61913605427667e-05
"2674",9.50312375399795e-05
"2675",9.3696796526321e-05
"2676",9.25815542288673e-05
"2677",9.17767842904801e-05
"2678",9.06698091039803e-05
"2679",8.96384414494618e-05
"2680",8.86199212338965e-05
"2681",8.80090558765765e-05
"2682",8.72334481935277e-05
"2683",8.65031167152831e-05
"2684",8.57093123709975e-05
"2685",8.39393007238658e-05
"2686",8.34283496406296e-05
"2687",8.38081360975498e-05
"2688",8.27815002687089e-05
"2689",8.4370527029274e-05
"2690",8.17649617484547e-05
"2691",8.0977149202738e-05
"2692",8.69052004650866e-05
"2693",8.49318495113269e-05
"2694",8.35540825589805e-05
"2695",8.93514653802495e-05
"2696",9.07914287637811e-05
"2697",8.92385493174289e-05
"2698",7.44423409402953e-05
"2699",7.68689120823762e-05
"2700",6.85287354925729e-05
"2701",6.26428684142845e-05
"2702",6.47682315838452e-05
"2703",6.02677306497518e-05
"2704",8.43003200246522e-05
"2705",8.30771472727067e-05
"2706",8.31472368408676e-05
"2707",8.2458932742532e-05
"2708",8.15942220934258e-05
"2709",8.05336441662999e-05
"2710",8.09142118502685e-05
"2711",8.2936594694253e-05
"2712",8.18558010419604e-05
"2713",8.62377812961456e-05
"2714",8.57286953845118e-05
"2715",8.53383455949262e-05
"2716",8.53869145698239e-05
"2717",8.42899144661487e-05
"2718",8.35319577231072e-05
"2719",8.23241815543824e-05
"2720",8.14666149553327e-05
"2721",8.20801570553164e-05
"2722",8.3290969009597e-05
"2723",8.30425353800927e-05
"2724",8.18125607233123e-05
"2725",8.0839436914985e-05
"2726",8.32634200880452e-05
"2727",8.29036967103982e-05
"2728",8.17539011896549e-05
"2729",8.20474310726384e-05
"2730",8.15201329506398e-05
"2731",8.19276613019657e-05
"2732",8.12235120396675e-05
"2733",8.00406933669311e-05
"2734",7.89845249856395e-05
"2735",7.96623635033654e-05
"2736",7.88698371205934e-05
"2737",7.77703469694713e-05
"2738",7.65406730630244e-05
"2739",7.54877158386104e-05
"2740",7.46503620615603e-05
"2741",7.38241143749817e-05
"2742",7.34518287600032e-05
"2743",7.45508849252804e-05
"2744",7.5906835176231e-05
"2745",7.48254072340245e-05
"2746",7.36726935516336e-05
"2747",7.67616087641962e-05
"2748",7.56527401181618e-05
"2749",7.45213706798692e-05
"2750",7.38792815375154e-05
"2751",7.26499044976703e-05
"2752",7.2224714217231e-05
"2753",7.17365159548025e-05
"2754",7.07756985640664e-05
"2755",6.91156778054175e-05
"2756",6.79162378064409e-05
"2757",6.60859511150487e-05
"2758",6.40659922733339e-05
"2759",6.22036787331629e-05
"2760",6.03996195638636e-05
"2761",5.94068051656607e-05
"2762",5.86978182914776e-05
"2763",5.7028798250357e-05
"2764",5.85224066321318e-05
"2765",5.70085042573838e-05
"2766",5.6514265793107e-05
"2767",5.56329617276052e-05
"2768",5.44499650439795e-05
"2769",5.79008625718496e-05
"2770",5.67851875616293e-05
"2771",5.63448932623929e-05
"2772",5.5485690488603e-05
"2773",5.99500969381213e-05
"2774",5.96318753553267e-05
"2775",7.33350501677734e-05
"2776",7.27957978379183e-05
"2777",7.21093449073325e-05
"2778",7.1686396870569e-05
"2779",7.06402546031692e-05
"2780",7.18114579530046e-05
"2781",7.164244182291e-05
"2782",7.12527319560165e-05
"2783",7.66273333201669e-05
"2784",7.77980775923269e-05
"2785",7.7617691142631e-05
"2786",7.97335052560919e-05
"2787",7.86660530322518e-05
"2788",7.79601739222038e-05
"2789",7.76647163617899e-05
"2790",7.71756638466127e-05
"2791",7.65464272250455e-05
"2792",7.74308713585302e-05
"2793",7.76795316765492e-05
"2794",7.72062702196228e-05
"2795",7.62994796557775e-05
"2796",7.53708075147838e-05
"2797",7.48992616386014e-05
"2798",7.43777995172314e-05
"2799",7.34974052880629e-05
"2800",7.27552676824323e-05
"2801",7.19908373270374e-05
"2802",7.14601843223085e-05
"2803",7.08148123886914e-05
"2804",7.18322325374784e-05
"2805",7.07416468586504e-05
"2806",6.99934819593961e-05
"2807",7.11086859681262e-05
"2808",7.27346245665786e-05
"2809",7.26665106391167e-05
"2810",7.48193945248885e-05
"2811",7.55879168763183e-05
"2812",7.47073913154972e-05
"2813",7.50657083571495e-05
"2814",7.48175988484453e-05
"2815",7.55961757184573e-05
"2816",7.4775756121915e-05
"2817",7.51441023895256e-05
"2818",7.48165535769856e-05
"2819",7.36000088526269e-05
"2820",7.44319108543839e-05
"2821",8.00121447788344e-05
"2822",7.97867302872598e-05
"2823",7.90622637039169e-05
"2824",7.81533381728959e-05
"2825",7.8856080632636e-05
"2826",7.83508258109669e-05
"2827",7.84026500191157e-05
"2828",7.80307822693935e-05
"2829",7.72644926384883e-05
"2830",7.70349839785543e-05
"2831",8.22576782406275e-05
"2832",8.23016021927216e-05
"2833",8.29845574600363e-05
"2834",8.27521205354094e-05
"2835",8.81528497280414e-05
"2836",8.90400267273874e-05
"2837",8.84538097287048e-05
"2838",8.76321839961259e-05
"2839",8.859650924709e-05
"2840",8.90841907926708e-05
"2841",8.88833542126656e-05
"2842",8.82810248731549e-05
"2843",8.73809608109376e-05
"2844",8.66306206554755e-05
"2845",8.58039433267821e-05
"2846",8.51527509965388e-05
"2847",8.76953691613947e-05
"2848",8.69513088025258e-05
"2849",8.66254735502061e-05
"2850",8.57813221920962e-05
"2851",8.50237284263182e-05
"2852",8.80520950991248e-05
"2853",8.72441258113106e-05
"2854",8.63827885235473e-05
"2855",8.55191241995435e-05
"2856",8.52562738813827e-05
"2857",8.49042924364242e-05
"2858",8.38473519246038e-05
"2859",8.30143449891301e-05
"2860",8.2680457746658e-05
"2861",8.27329296954563e-05
"2862",8.24735257816073e-05
"2863",8.24314434003078e-05
"2864",8.19236238939407e-05
"2865",8.1737760998809e-05
"2866",8.17981218585914e-05
"2867",8.40785599861338e-05
"2868",8.41453669499979e-05
"2869",8.34513786999172e-05
"2870",8.30204856386646e-05
"2871",8.4069085457572e-05
"2872",8.36345480814802e-05
"2873",8.3052613785623e-05
"2874",8.20869998107336e-05
"2875",8.52139132617153e-05
"2876",8.4648225394313e-05
"2877",8.39305838039914e-05
"2878",8.34422069572091e-05
"2879",8.2698845290289e-05
"2880",8.36751209406619e-05
"2881",8.55821363875375e-05
"2882",8.57384151848702e-05
"2883",8.54515727620349e-05
"2884",8.58264129420133e-05
"2885",8.45876877189767e-05
"2886",8.39386715454754e-05
"2887",8.39596526823301e-05
"2888",8.41458475966357e-05
"2889",8.3907975666794e-05
"2890",8.62549800701495e-05
"2891",8.74496218398861e-05
"2892",8.65468933231353e-05
"2893",8.63375973203557e-05
"2894",8.5652718997565e-05
"2895",8.58165667370025e-05
"2896",8.58826576645986e-05
"2897",8.43021936958545e-05
"2898",8.44664993879999e-05
"2899",8.35371852145915e-05
"2900",8.42485130855721e-05
"2901",8.3893778100393e-05
"2902",8.26697792133374e-05
"2903",8.29406389661378e-05
"2904",8.16942070613428e-05
"2905",8.099353554606e-05
"2906",8.05168341496493e-05
"2907",8.18180456867785e-05
"2908",8.2075817211772e-05
"2909",8.17334594967509e-05
"2910",8.08575758638119e-05
"2911",8.01273928353283e-05
"2912",7.9404219041914e-05
"2913",7.85804523030019e-05
"2914",7.89473832153123e-05
"2915",7.91770376797423e-05
"2916",8.09587839187337e-05
"2917",8.01748716594974e-05
"2918",7.98811554147776e-05
"2919",7.84827602840201e-05
"2920",8.02698324263244e-05
"2921",7.93657072087708e-05
"2922",7.93435259030392e-05
"2923",7.85124998300452e-05
"2924",7.92022469099036e-05
"2925",7.79287578011245e-05
"2926",7.70213035218379e-05
"2927",7.63774145648605e-05
"2928",7.56167145229097e-05
"2929",7.52896920317284e-05
"2930",7.72244274817229e-05
"2931",7.61412806069268e-05
"2932",7.67631611637377e-05
"2933",7.6306980430559e-05
"2934",7.54708836282187e-05
"2935",7.46421233908308e-05
"2936",7.46937113697699e-05
"2937",7.41726516466487e-05
"2938",7.32438448394836e-05
"2939",7.24469705911837e-05
"2940",7.2156647540805e-05
"2941",7.14274127046266e-05
"2942",7.15349150545933e-05
"2943",7.06482254944138e-05
"2944",7.00123758069269e-05
"2945",6.88711309569284e-05
"2946",6.8037680494919e-05
"2947",6.77412938976507e-05
"2948",6.70689083247714e-05
"2949",6.62495900473942e-05
"2950",6.75293499398617e-05
"2951",6.68017178969355e-05
"2952",6.63456058274412e-05
"2953",6.54916793288628e-05
"2954",6.45987646866029e-05
"2955",6.36948151895161e-05
"2956",6.4755936004017e-05
"2957",6.39942947004892e-05
"2958",6.34596983572247e-05
"2959",6.29464415861505e-05
"2960",6.23300403169343e-05
"2961",6.16736937051298e-05
"2962",6.09798892009893e-05
"2963",6.29355330882198e-05
"2964",6.23020307237371e-05
"2965",6.26450719521608e-05
"2966",6.19459040299031e-05
"2967",6.11921519893322e-05
"2968",6.15395138489511e-05
"2969",6.09642535947592e-05
"2970",6.0297015020772e-05
"2971",6.03387104520267e-05
"2972",5.9820555425338e-05
"2973",5.90834422976495e-05
"2974",5.86637656695246e-05
"2975",5.84897385439011e-05
"2976",5.76416193099934e-05
"2977",5.69911101461988e-05
"2978",5.67997969446233e-05
"2979",5.60620163114597e-05
"2980",5.5636474619577e-05
"2981",5.42293541593874e-05
"2982",4.81124930832572e-05
"2983",4.33675654085919e-05
"2984",4.25522462709536e-05
"2985",4.0812696253129e-05
"2986",5.60608191403636e-05
"2987",6.33697883315978e-05
"2988",6.2353408450818e-05
"2989",6.50841805173635e-05
"2990",6.42713495195278e-05
"2991",6.42737835595073e-05
"2992",6.91211176894002e-05
"2993",7.15894628398475e-05
"2994",7.13870871021586e-05
"2995",7.13819231945486e-05
"2996",7.17511027837357e-05
"2997",7.16769336559173e-05
"2998",7.25792785335729e-05
"2999",7.33335255368282e-05
"3000",7.27857954374443e-05
"3001",7.16925634378266e-05
"3002",7.13840893070967e-05
"3003",7.29661124389583e-05
"3004",7.57655888598153e-05
"3005",7.490138709224e-05
"3006",7.42935429423199e-05
"3007",7.32540530354629e-05
"3008",7.26708140756269e-05
"3009",7.24497611065253e-05
"3010",7.17260530211092e-05
"3011",7.03878644215328e-05
"3012",6.97093357334183e-05
"3013",6.97231910973363e-05
"3014",6.89223500706418e-05
"3015",6.80822446358772e-05
"3016",6.85465988581538e-05
"3017",7.4585745008265e-05
"3018",7.32814851557434e-05
"3019",7.37904057769386e-05
"3020",7.39942049160937e-05
"3021",7.31418883757932e-05
"3022",7.18623694472684e-05
"3023",7.24230484376264e-05
"3024",7.02166211807681e-05
"3025",7.08745332489842e-05
"3026",7.00572954232219e-05
"3027",7.2394920246418e-05
"3028",9.47352615059493e-05
"3029",0.000116217155210567
"3030",7.46434059285537e-05
"3031",7.12463844011283e-05
"3032",6.27160896352682e-05
"3033",6.07773505458669e-05
"3034",6.03200493354141e-05
"3035",8.37836860757198e-05
"3036",6.13438405092686e-05
"3037",6.86245543998036e-05
"3038",6.73446977950264e-05
"3039",6.2275439008758e-05
"3040",5.79336682862957e-05
"3041",6.28308691519013e-05
"3042",5.56733820740607e-05
"3043",5.51210711212887e-05
"3044",5.60143131978855e-05
"3045",8.03681431904496e-05
"3046",6.39209631349952e-05
"3047",6.53285611761126e-05
"3048",6.09110886691692e-05
"3049",8.53328386186481e-05
"3050",6.57833126753606e-05
"3051",6.82456648037193e-05
"3052",7.41724945009359e-05
"3053",6.18363681433089e-05
"3054",6.13749900731025e-05
"3055",6.0305327723491e-05
"3056",7.48003757124445e-05
"3057",6.01249384435596e-05
"3058",7.43448895695299e-05
"3059",6.49813275435796e-05
"3060",6.63454886598801e-05
"3061",6.32512577069873e-05
"3062",6.13651225950041e-05
"3063",6.46542777260408e-05
"3064",6.35124688454003e-05
"3065",6.65154323244008e-05
"3066",6.59589034600902e-05
"3067",6.54824228285021e-05
"3068",6.45947890637044e-05
"3069",6.32064947366293e-05
"3070",6.27441578614868e-05
"3071",6.25046923877286e-05
"3072",6.18044206509263e-05
"3073",6.20414236473722e-05
"3074",6.17884312399451e-05
"3075",6.09293466043314e-05
"3076",6.24692394517094e-05
"3077",6.15683775982851e-05
"3078",6.09850976879056e-05
"3079",6.03114328593531e-05
"3080",6.05125828507158e-05
"3081",5.97064315310912e-05
"3082",6.08672510365737e-05
"3083",6.1042229056777e-05
"3084",6.05461773422883e-05
"3085",6.0187867009426e-05
"3086",6.01221606354009e-05
"3087",6.15580817513623e-05
"3088",6.22155596438429e-05
"3089",6.13725342380611e-05
"3090",6.14721135893079e-05
"3091",6.37459139362944e-05
"3092",6.31794623829086e-05
"3093",6.59113473790319e-05
"3094",6.70498789921207e-05
"3095",6.6121395642408e-05
"3096",6.78040174571529e-05
"3097",6.86422442847314e-05
"3098",6.74664482409162e-05
"3099",6.97105306057567e-05
"3100",6.90429674882605e-05
"3101",6.85850240608124e-05
"3102",6.8772407518345e-05
"3103",6.82830909500064e-05
"3104",7.30587452992665e-05
"3105",7.29482956924115e-05
"3106",7.26270809755075e-05
"3107",7.21384706713754e-05
"3108",7.20767962056309e-05
"3109",7.15790131970365e-05
"3110",7.10331628727167e-05
"3111",7.03768090231047e-05
"3112",7.06486421642846e-05
"3113",7.02596678747623e-05
"3114",6.99193127730302e-05
"3115",7.31084577151311e-05
"3116",7.27047679851178e-05
"3117",7.19886907429035e-05
"3118",7.13229711321465e-05
"3119",7.22817619761614e-05
"3120",7.21488630192978e-05
"3121",7.1452592765244e-05
"3122",0.00011982558696271
"3123",9.22048478556581e-05
"3124",0.00010605332987044
"3125",8.00984981228474e-05
"3126",9.68078440868677e-05
"3127",7.420927444003e-05
"3128",0.000115377646183587
"3129",7.69499931985697e-05
"3130",9.70069880662456e-05
"3131",0.000104851775477092
"3132",0.000104451078802486
"3133",9.41856469508314e-05
"3134",9.00511364619633e-05
"3135",8.11611543069788e-05
"3136",8.50909441245127e-05
"3137",7.63117838489123e-05
"3138",7.63127063640622e-05
"3139",0.000109451332993101
"3140",0.000130980156454825
"3141",0.000158887817991019
"3142",0.000136360807994526
"3143",0.000139104635026666
"3144",0.000117879076487244
"3145",0.000152044764921456
"3146",0.000122346273750085
"3147",0.000183104880331467
"3148",0.000127275610075945
"3149",0.000157406892014595
"3150",0.000109491135126863
"3151",0.000130476436341614
"3152",9.35839576655634e-05
"3153",0.000129272720764405
"3154",8.54689305379546e-05
"3155",0.000104715741715468
"3156",8.30915838807154e-05
"3157",0.000122604221092565
"3158",8.12018077074418e-05
"3159",0.000130707712362766
"3160",8.30661227615716e-05
"3161",0.000111318586350863
"3162",8.95996308949802e-05
"3163",0.000143556886031223
"3164",8.93257449189789e-05
"3165",0.000121829020371357
"3166",8.97486523016826e-05
"3167",0.000109381251122445
"3168",8.16136177091009e-05
"3169",9.60409927714821e-05
"3170",8.84429387658911e-05
"3171",0.000159635895278337
"3172",9.49304886655837e-05
"3173",0.000161046586173041
"3174",0.000117701861545884
"3175",0.000146565269647541
"3176",0.000105865198838637
"3177",0.000159414642495192
"3178",0.000105926229957662
"3179",0.000130879240293127
"3180",9.50446174689624e-05
"3181",0.000609718856601566
"3182",0.000654275819697234
"3183",0.000634443665242479
"3184",0.000562490798583845
"3185",0.000522196409770456
"3186",0.00048093586002237
"3187",0.000450471998739798
"3188",0.000418647637856846
"3189",0.000390489043113966
"3190",0.000388274717519958
"3191",0.000400816171650364
"3192",0.000366065697680979
"3193",0.000350306040295982
"3194",0.000366067217654482
"3195",0.00034039038345266
"3196",0.000331930642099732
"3197",0.000315257282180111
"3198",0.000303478039735057
"3199",0.000294252321593425
"3200",0.000312600014767163
"3201",0.000310091925694059
"3202",0.000302480734091172
"3203",0.000309002791832265
"3204",0.000294365169548523
"3205",0.000293908269319518
"3206",0.000283363182585436
"3207",0.000273330914396866
"3208",0.0002643718876313
"3209",0.000256437985474096
"3210",0.0002509375106129
"3211",0.000242282025375385
"3212",0.000240173263091096
"3213",0.000261601098625959
"3214",0.000252330676009885
"3215",0.000245923643879187
"3216",0.000242078152821532
"3217",0.000233003567869417
"3218",0.000219343821924771
"3219",0.000203041992374439
"3220",0.000213565871222567
"3221",0.000204370186247232
"3222",0.000195061093411211
"3223",0.000180956088713492
"3224",0.000176848119063053
"3225",0.00017006658915876
"3226",0.000163174402160125
"3227",0.000154381683856755
"3228",0.000155108912070332
"3229",0.000149828931555112
"3230",0.000142004063640821
"3231",0.000135560123704535
"3232",0.000129804552271023
"3233",0.000123249098470266
"3234",0.000116546256296384
"3235",0.000111818149051748
"3236",0.000111968966421067
"3237",0.000108180766667621
"3238",0.000127046025169963
"3239",0.000122266438139584
"3240",0.00011872662329862
"3241",0.000113239018627767
"3242",0.000107873721179643
"3243",0.000105037953962599
"3244",0.000102582977603492
"3245",0.000102113747127899
"3246",0.000110159711097128
"3247",0.000108514372803298
"3248",0.000103328598174275
"3249",0.000101286952095114
"3250",0.000105436225108495
"3251",0.000105136717356685
"3252",0.000102388232833124
"3253",0.000111263387740476
"3254",0.000106541501679593
"3255",0.000101997549248675
"3256",9.70054633371472e-05
"3257",9.33440866617396e-05
"3258",8.95243872980262e-05
"3259",8.51679657152348e-05
"3260",8.2609052566335e-05
"3261",8.24274543445494e-05
"3262",7.93235360361043e-05
"3263",7.59639619927948e-05
"3264",7.42088253674842e-05
"3265",7.65522908254018e-05
"3266",7.80548363465988e-05
"3267",8.06874370015528e-05
"3268",9.93975647565759e-05
"3269",0.00010250823410991
"3270",9.75640079793822e-05
"3271",9.43114999385728e-05
"3272",9.50456489145231e-05
"3273",9.10381728726019e-05
"3274",8.85718351575459e-05
"3275",8.61680016511464e-05
"3276",8.47544934129405e-05
"3277",9.9465593308899e-05
"3278",9.82407808724719e-05
"3279",9.28581361274445e-05
"3280",8.7478479639924e-05
"3281",8.61740185308914e-05
"3282",0.000121439386775816
"3283",0.000128551672444983
"3284",0.000140326070977579
"3285",0.000144307934715988
"3286",0.000138004706465367
"3287",0.00013080181555776
"3288",0.000125299644670472
"3289",0.000122925998057042
"3290",0.000130395308909849
"3291",0.000131846041106228
"3292",0.000137311846065804
"3293",0.000139848752881223
"3294",0.000134911756293773
"3295",0.000131387716041216
"3296",0.000129408352106642
"3297",0.000128339764580108
"3298",0.000125427060399846
"3299",0.000124984863878773
"3300",0.000123408605169562
"3301",0.000121652147086782
"3302",0.000120969443290315
"3303",0.000119088573521075
"3304",0.000117271011073392
"3305",0.000117915893484828
"3306",0.00011690017488267
"3307",0.000121331749413243
"3308",0.000119457149557084
"3309",0.000123263535167755
"3310",0.000146050394600653
"3311",0.00016487649630037
"3312",0.000151187644228784
"3313",0.000147723757063263
"3314",0.000152440199141155
"3315",0.000151791010472241
"3316",0.000148546532165899
"3317",0.000166185266435133
"3318",0.000153686954153483
"3319",0.000405006729992143
"3320",0.000941429342478005
"3321",0.000845424646150459
"3322",0.00090932199693613
"3323",0.00188726140278981
