,x
1,0.000415894388886
2,0.00040197956981
3,0.000415937217031
4,0.000318827821767
5,0.00032723839949
6,0.000375544212189
7,0.000333426332951
8,0.000306080993283
9,0.000351332217007
10,0.000317601480138
11,0.000267522547536
12,0.000474881629096
13,0.000329377372154
14,0.000287521764648
15,0.000693671096872
16,0.000431316148789
17,0.000401635636906
18,0.000354100935744
19,0.000507932416946
20,0.000575026436036
21,0.000806302846743
22,0.000722671512237
23,0.000699882907421
24,0.000431570544738
25,0.000369513874585
26,0.00038269808207
27,0.000412229591081
28,0.000327449363575
29,0.000320013844137
30,0.000408678374887
31,0.00032452041778
32,0.000323933322308
33,0.000328616655511
34,0.000442428548451
35,0.000370277028249
36,0.00035510083173
37,0.000741508520033
38,0.000517511918466
39,0.000516340457633
40,0.00072359013576
41,0.000895746765597
42,0.000782744372108
43,0.000462206575715
44,0.000353814498616
45,0.000392021334903
46,0.000600831098137
47,0.000657675820251
48,0.000429747286088
49,0.000443410018354
50,0.000379108552388
51,0.000374397723909
52,0.00036498783183
53,0.000461378809694
54,0.000480894067157
55,0.000389997223488
56,0.000397240454076
57,0.000396009689069
58,0.000376340361533
59,0.000376777183384
60,0.000372971293562
61,0.000514158723679
62,0.000452035575425
63,0.000340762254949
64,0.000467251168067
65,0.000562710054946
66,0.001227555567359
67,0.00112581739651
68,0.000595143811765
69,0.000542041337531
70,0.000447065294046
71,0.000467773439966
72,0.000339634937
73,0.000354588728793
74,0.000472420164316
75,0.000361788260763
76,0.000425102144413
77,0.000324989452385
78,0.000334584044942
79,0.000454360615515
80,0.000386628773425
81,0.000376459096826
82,0.000447559396942
83,0.000648692967928
84,0.000366867433283
85,0.000426059385488
86,0.000529417903123
87,0.000556658047954
88,0.000568908408164
89,0.000565598125313
90,0.000898918218262
91,0.000642745121622
92,0.000777132453183
93,0.000737930188091
94,0.000438906695956
95,0.000746429699908
96,0.000422566189884
97,0.001100323459778
98,0.001647112881686
99,0.001142738280589
100,0.000689575683009
101,0.001556374160806
102,0.000801173848066
103,0.000726988900889
104,0.001081883046669
105,0.000610072908831
106,0.000899777077767
107,0.000697669387359
108,0.000496744654664
109,0.000415518207987
110,0.000793683054987
111,0.000645306808501
112,0.00058657760895
113,0.001348028835865
114,0.00138478227752
115,0.001006698707118
116,0.001506487525926
117,0.000956793127383
118,0.001146208350632
119,0.000892623306524
120,0.000657562408518
121,0.000514556981234
122,0.000545817346056
123,0.000483770980234
124,0.000628028396241
125,0.000559780703066
126,0.00045814901496
127,0.000523498700525
128,0.00051890677068
129,0.000704139471888
130,0.000611292198949
131,0.000506209333361
132,0.000908700146122
133,0.000706236789334
134,0.000790479704193
135,0.000669987245811
136,0.000640014465553
137,0.000722171442274
138,0.000648131318882
139,0.000586548294323
140,0.000534723015009
141,0.000653685237265
142,0.00055736657175
143,0.001053062800699
144,0.00140631534495
145,0.000870153668643
146,0.000810336943578
147,0.001713435824827
148,0.001177233322254
149,0.001359276474748
150,0.000873945896924
151,0.00072426816193
152,0.000573059803953
153,0.000492992875666
154,0.000508104244342
155,0.000621366549458
156,0.000643218419857
157,0.000484937832001
158,0.00039798605702
159,0.00054704671208
160,0.000937496451118
161,0.000678847118503
162,0.000579706573333
163,0.000536262394038
164,0.000448137833053
165,0.000386816486758
166,0.00064602495437
167,0.001629782175565
168,0.001513778402039
169,0.00132292141636
170,0.001414517278148
171,0.001056295753964
172,0.001115616458324
173,0.00098089342341
174,0.000865773021724
175,0.000864607697002
176,0.000711586270533
177,0.00077256423274
178,0.001342542572002
179,0.001018248748894
180,0.001827866247298
181,0.001479046887346
182,0.002033641966522
183,0.002147803830103
184,0.001853629638512
185,0.00121062646098
186,0.001271741542577
187,0.001170105210724
188,0.0008666226374
189,0.000687279724485
190,0.001108190033167
191,0.000803238565357
192,0.000615321056518
193,0.000511702427368
194,0.00051042426877
195,0.000772079930726
196,0.000740713685757
197,0.000604968127029
198,0.000559629739635
199,0.000467192179746
200,0.00047757402148
201,0.000628366254696
202,0.000588167014922
203,0.00054624786693
204,0.000862527120602
205,0.000690861250488
206,0.000693710084048
207,0.000616672648963
208,0.000779144529593
209,0.000610261051278
210,0.000744372815818
211,0.000674626760086
212,0.000932971868188
213,0.000785865198363
214,0.00065672751627
215,0.000628532136891
216,0.000720405180978
217,0.00079566783663
218,0.000641328120028
219,0.000522912742298
220,0.000576396289589
221,0.00049769123144
222,0.0007323826139
223,0.000623605511665
224,0.000563956725473
225,0.000599877313525
226,0.000754436825931
227,0.000612374612088
228,0.000525697651734
229,0.000485466749204
230,0.00047003482108
231,0.000473641450159
232,0.000522453007071
233,0.000542633335218
234,0.000637429534916
235,0.000606777908765
236,0.000544494011471
237,0.000525768405199
238,0.000587340640002
239,0.000598218090635
240,0.000560408679174
241,0.000502981688778
242,0.00049895381593
243,0.000859764722705
244,0.001097805928716
245,0.001392020485492
246,0.001554656982437
247,0.001154087703506
248,0.001110299406226
249,0.001211666609617
250,0.001016349220861
251,0.001434729011128
252,0.001413563214557
253,0.00136018531851
254,0.001955344809538
255,0.001477677407875
256,0.001230163202529
257,0.001288286895572
258,0.000996305043545
259,0.000892442416471
260,0.001020436095635
261,0.001033022998436
262,0.000858502970738
263,0.000747160616742
264,0.000680510118921
265,0.000631256252235
266,0.00083127458714
267,0.000729343489206
268,0.000662258422113
269,0.000615435238338
270,0.000736645074765
271,0.000709559282327
272,0.000870061712047
273,0.000750768047587
274,0.000764026857612
275,0.000725644023661
276,0.000670427568506
277,0.000767011753018
278,0.000721770493095
279,0.000649384926539
280,0.000609959940775
281,0.000667713382406
282,0.000692148089713
283,0.000733307727829
284,0.001111172682314
285,0.000939754972388
286,0.000807678720845
287,0.000949562041497
288,0.000953240553103
289,0.001526094184978
290,0.001371583464503
291,0.001083311936572
292,0.001187139923745
293,0.000965352136614
294,0.000825338772461
295,0.000863711668472
296,0.001324755049481
297,0.00108848236162
298,0.000966770508511
299,0.001358866089722
300,0.001114489971828
301,0.000937888919838
302,0.000905656587965
303,0.00110934182253
304,0.00093420387303
305,0.00082373122887
306,0.000764490242722
307,0.000777450348437
308,0.000915341246897
309,0.000858286611502
310,0.000778975214859
311,0.000726204396854
312,0.000864182782023
313,0.001062386098803
314,0.001049760636205
315,0.001192882895171
316,0.000990841869684
317,0.000860340349666
318,0.001107097597747
319,0.000939595155359
320,0.000834663775343
321,0.001010267948071
322,0.001018249556776
323,0.000883315436614
324,0.000795474570334
325,0.000941793716185
326,0.000837706251536
327,0.000905703003287
328,0.001289642953862
329,0.001520465886108
330,0.001187733411426
331,0.001023406515013
332,0.000892415995716
333,0.001353295644856
334,0.001288730822916
335,0.001252641981537
336,0.001074196299266
337,0.00124613411953
338,0.001064336001899
339,0.000879966247908
340,0.000895000298976
341,0.00107255727139
342,0.000991989929109
343,0.000896253357733
344,0.000843916057564
345,0.000794643445324
346,0.000814508560603
347,0.000708661563621
348,0.000630782694099
349,0.000843164570149
350,0.000957381876037
351,0.001112648381668
352,0.00107587617239
353,0.000915215001512
354,0.001155415061774
355,0.001171242430348
356,0.00111812986639
357,0.00208731412275
358,0.001770181894653
359,0.001515625700624
360,0.001323822100008
361,0.001194099822547
362,0.001109371900748
363,0.000999388059407
364,0.000840392607855
365,0.000731086086929
366,0.000723394811672
367,0.001017425271276
368,0.001560827652746
369,0.001303451885081
370,0.001398344344908
371,0.001279440299882
372,0.001231980235782
373,0.001895460690732
374,0.001630983521878
375,0.001378754081247
376,0.001159023972253
377,0.00106854752878
378,0.001199973827205
379,0.001273542730357
380,0.001091083387933
381,0.000984714951409
382,0.000877477879589
383,0.000797617233969
384,0.000846451102423
385,0.000760878916652
386,0.000829532673281
387,0.000737232106254
388,0.000756767297482
389,0.001110811083702
390,0.00105938878331
391,0.000926782774695
392,0.001317063664235
393,0.001280716731851
394,0.001293568492872
395,0.001130306312862
396,0.000954980966896
397,0.001355531996383
398,0.001210511173918
399,0.001323886080802
400,0.001480578726477
401,0.001563842620421
402,0.002157744734516
403,0.002248006153916
404,0.002334585107578
405,0.002673169280336
406,0.002916745502964
407,0.002274682621156
408,0.002344377718592
409,0.004392016559979
410,0.003982826262978
411,0.003062831837938
412,0.002951349112159
413,0.002472641081712
414,0.002332812003544
415,0.002722525376778
416,0.002208807018525
417,0.001844967782338
418,0.001859281261436
419,0.002817434512707
420,0.002239756491571
421,0.002078084039727
422,0.002065683420606
423,0.002827578034373
424,0.00225216352585
425,0.00178288766828
426,0.0019149409276
427,0.00176451075562
428,0.001609342402271
429,0.001286298817638
430,0.001148343087338
431,0.00197570527467
432,0.001709789501809
433,0.001542917676228
434,0.001359662908997
435,0.002101481945091
436,0.002870314464479
437,0.002492122287693
438,0.002312822097052
439,0.001978064120639
440,0.001969178153305
441,0.002119599205251
442,0.001890250555842
443,0.001981715521612
444,0.001848415576219
445,0.001743911017717
446,0.002279595640542
447,0.001951391806239
448,0.002012279520708
449,0.001729420322401
450,0.001474751860522
451,0.001242221469739
452,0.001285606970028
453,0.001129270854698
454,0.000967610282595
455,0.001613025575165
456,0.001498137898291
457,0.002249714457979
458,0.002214466486212
459,0.001734526531338
460,0.001705000476696
461,0.001732776650599
462,0.001939874866675
463,0.001979026553001
464,0.001766409071703
465,0.001665874897183
466,0.001666179869768
467,0.001565660252471
468,0.001488202036543
469,0.001411584891473
470,0.001388322145915
471,0.001501142055554
472,0.001373449164607
473,0.001272848843608
474,0.001180058746846
475,0.001237576951301
476,0.001114419671056
477,0.001263580151861
478,0.001250808863685
479,0.001133039905122
480,0.001051153222978
481,0.001046718110281
482,0.000936179760519
483,0.000857812726958
484,0.000792285541241
485,0.000714217118928
486,0.000723618054617
487,0.000779976114856
488,0.000747222971044
489,0.001104098616239
490,0.001007475306177
491,0.001102538954009
492,0.001016755170524
493,0.001042799445218
494,0.000981254140738
495,0.000934265352282
496,0.000888176473468
497,0.000913816699115
498,0.000943174910158
499,0.000873293051984
500,0.000846488255109
501,0.00083353651496
502,0.000792750170455
503,0.000909198631464
504,0.000859042304513
505,0.000774482847617
506,0.000702698394356
507,0.000670941817659
508,0.000629418487719
509,0.000775391469819
510,0.000756730257332
511,0.001267807275016
512,0.00114789611244
513,0.001105232284555
514,0.001302164918148
515,0.001214691521189
516,0.001189365985473
517,0.001231311478702
518,0.001124360191744
519,0.001069528439177
520,0.001020338182
521,0.000955444567621
522,0.000885233196568
523,0.000859530529087
524,0.00079531870989
525,0.000824925766461
526,0.000864135781479
527,0.00080914801564
528,0.00077042621279
529,0.000733215152449
530,0.000887113692089
531,0.000844302304418
532,0.000807383932383
533,0.000957432024998
534,0.001017021944763
535,0.001138770181786
536,0.001080235652109
537,0.001024464324002
538,0.000969667812673
539,0.000962993214074
540,0.0009777096166
541,0.000956126908324
542,0.0009445068749
543,0.00099753161604
544,0.000952945175612
545,0.000950725289415
546,0.001041352394758
547,0.000986669889754
548,0.00095025746912
549,0.000911143190547
550,0.001171102340394
551,0.001215734486859
552,0.001148755942882
553,0.001078524932077
554,0.001018009117207
555,0.00097272955622
556,0.000914436287487
557,0.000894435928518
558,0.000900394056842
559,0.000869142302505
560,0.000895697668164
561,0.000952736349436
562,0.000935001036559
563,0.000963294596726
564,0.000944097057082
565,0.000909502916297
566,0.000870417936238
567,0.000834734147535
568,0.000951661731452
569,0.000998528033623
570,0.001218168709189
571,0.001139616065532
572,0.001077457095525
573,0.001375342686215
574,0.00129823821362
575,0.001218300089924
576,0.001140828580829
577,0.001083275369863
578,0.001070222270793
579,0.00100746643897
580,0.001077890674952
581,0.001045511058712
582,0.000984535383425
583,0.001027564888856
584,0.000963408035935
585,0.001137078006541
586,0.001169405658264
587,0.001146706612608
588,0.001082267178434
589,0.001095240474901
590,0.001027679424139
591,0.000987819355446
592,0.000920514280559
593,0.00089161759613
594,0.000922830144413
595,0.000899458014587
596,0.000858270257042
597,0.000809006711234
598,0.000765604197944
599,0.000746606972687
600,0.000778420451067
601,0.000752368112575
602,0.000733789429675
603,0.000748112504556
604,0.000858200471879
605,0.000799604867059
606,0.000865435180117
607,0.001022679924789
608,0.000980144542231
609,0.001200932701413
610,0.00121065138428
611,0.001232393209679
612,0.001119908527691
613,0.00129575599073
614,0.001199682600295
615,0.001214119120399
616,0.00112672025703
617,0.001053499320014
618,0.000985147108763
619,0.000942141212921
620,0.000921673483954
621,0.000975172139825
622,0.000942145023007
623,0.000879352376169
624,0.000954076065894
625,0.000943741709589
626,0.000917700068149
627,0.000868259488676
628,0.000829045920774
629,0.000775155014195
630,0.0007364226757
631,0.000824031265976
632,0.00182959578365
633,0.001685278344258
634,0.001603109881643
635,0.001533074021783
636,0.001389513376272
637,0.001442579321831
638,0.001581181106454
639,0.002086058357296
640,0.001959723829794
641,0.001818075890793
642,0.001721659842349
643,0.001647235796806
644,0.001540597524319
645,0.001531141004844
646,0.001641788759957
647,0.001704914601786
648,0.001623134741498
649,0.001457028830946
650,0.001403664147409
651,0.001316732227226
652,0.001180225541014
653,0.001122401156841
654,0.001390643377425
655,0.001445506874994
656,0.001346516535265
657,0.001149885346028
658,0.001753467629356
659,0.001227961131939
660,0.001536715276938
661,0.00121609216054
662,0.001213608322663
663,0.001216941517825
664,0.001211491037578
665,0.001208090287903
666,0.001205726202361
667,0.001209260038849
668,0.001207888507783
669,0.001202693351847
670,0.00117238681547
671,0.001169272599149
672,0.001168060850569
673,0.001159832970507
674,0.001141854988151
675,0.00113892358298
676,0.001135921459049
677,0.001131275346062
678,0.001130925454277
679,0.001128280868412
680,0.001126968000484
681,0.001126273825245
682,0.001097829942517
683,0.00109645525469
684,0.001095824398629
685,0.001095854734352
686,0.000575603729521
687,0.000688821312652
688,0.000602462411221
689,0.000844114946813
690,0.000884717280294
691,0.000819632751543
692,0.000873807266882
693,0.000803574843672
694,0.000792522376278
695,0.000705456823497
696,0.000600451132668
697,0.000534573944365
698,0.000518128575379
699,0.000483025988297
700,0.000586213842082
701,0.000511613408121
702,0.000427682941465
703,0.000354952561927
704,0.000337609898195
705,0.000274341899677
706,0.000227482085526
707,0.000271856225801
708,0.000297990162084
709,0.000346764563698
710,0.000251476546803
711,0.000297151304298
712,0.000268173625846
713,0.000655147127703
714,0.000577708896755
715,0.000610368243833
716,0.00056523562682
717,0.000609456834836
718,0.000567711818575
719,0.000538892540072
720,0.00048732426342
721,0.000441576381077
722,0.000401142649661
723,0.000446233682016
724,0.00048947188357
725,0.000461061528663
726,0.000428763818748
727,0.000442718954353
728,0.000427731168632
729,0.000440848390206
730,0.000441675405397
731,0.000623961740478
732,0.000610412151009
733,0.000616819542601
734,0.000613699543018
735,0.000575173852267
736,0.000620455075445
737,0.00086937796319
738,0.000778902692007
739,0.000729401495518
740,0.000780583322305
741,0.000842708207706
742,0.000937626541396
743,0.000862184394837
744,0.000921557098213
745,0.000883417087809
746,0.000819210301952
747,0.000784312804717
748,0.000732483094899
749,0.000697966593435
750,0.000674991889391
751,0.000636571911681
752,0.000689837166311
753,0.000650537666529
754,0.000614545145861
755,0.000666028941335
756,0.000630588924445
757,0.000735295215857
758,0.000692521751261
759,0.000641872591522
760,0.000598402276522
761,0.000560370129751
762,0.000615300275811
763,0.000577853181753
764,0.000545653976711
765,0.000530867135521
766,0.000502032561537
767,0.000530253637832
768,0.000536727654512
769,0.000610504984379
770,0.000677486448472
771,0.000644375481442
772,0.000612785241665
773,0.000694754628156
774,0.000651925025093
775,0.000700472066568
776,0.000714480881987
777,0.000682286199334
778,0.000726878743541
779,0.000740416188416
780,0.000685099144223
781,0.000672651643097
782,0.000656942227757
783,0.000750548551855
784,0.000753111762108
785,0.000809263963652
786,0.000802631161504
787,0.000746561255197
788,0.00069849902127
789,0.000733602314967
790,0.000685836358047
791,0.00065688159351
792,0.000616868598374
793,0.000589105431147
794,0.00055328614548
795,0.000524438450878
796,0.000559757529087
797,0.000547309513786
798,0.000564396005952
799,0.000695894946332
800,0.000663865495732
801,0.000733597823372
802,0.000688713974103
803,0.000656147583852
804,0.000629007318015
805,0.000632172427907
806,0.000655596637411
807,0.000650519372996
808,0.000630416601848
809,0.000705654714043
810,0.000684684448757
811,0.000727084418583
812,0.000713802445927
813,0.000668342580571
814,0.000640162513002
815,0.000612269967234
816,0.000595355599807
817,0.000638677407952
818,0.000621630570947
819,0.00061333586921
820,0.000547050690341
821,0.000791599189836
822,0.00074217130856
823,0.000731963827388
824,0.00068841215967
825,0.000674405531472
826,0.000654927047435
827,0.000655440085258
828,0.000633528617736
829,0.000724645833636
830,0.000683884909624
831,0.00069627324134
832,0.00065445295229
833,0.00067801212268
834,0.000656728005213
835,0.00065447595159
836,0.000640213919258
837,0.000609736316252
838,0.00066923186456
839,0.000630158433023
840,0.000645650928731
841,0.000631259707786
842,0.00067928924017
843,0.000633029508456
844,0.000579852914413
845,0.00055695774797
846,0.000591742780569
847,0.000547612580177
848,0.000507205497423
849,0.000486544347024
850,0.000458757335867
851,0.000664760250261
852,0.000767776363639
853,0.000757769684422
854,0.000734743827042
855,0.000676658500955
856,0.000636591151439
857,0.000643866113665
858,0.000717548297965
859,0.000688995853605
860,0.000847095942819
861,0.000810441984177
862,0.000748390130681
863,0.000704703855208
864,0.000616461434048
865,0.000633295105763
866,0.000614867298566
867,0.000562007065393
868,0.000552599788873
869,0.000507980732443
870,0.000631441840593
871,0.000581306060693
872,0.000543141286029
873,0.000599712948034
874,0.000634302368076
875,0.000579555621813
876,0.000568000339444
877,0.000572356389136
878,0.000641495609323
879,0.000595613373056
880,0.000600601209196
881,0.000654279018766
882,0.000625237703585
883,0.000466122631732
884,0.000580945246019
885,0.00059192580457
886,0.000557202868877
887,0.000560094633941
888,0.000554983500708
889,0.000395437375279
890,0.000417175412361
891,0.000427650399058
892,0.000436645012821
893,0.000417481326326
894,0.000471998202623
895,0.000545156893889
896,0.000490800158015
897,0.000479480559248
898,0.000472805291974
899,0.000513768352421
900,0.000535724967891
901,0.000496616441929
902,0.00048710797142
903,0.000461465820489
904,0.000487571615563
905,0.000418544703817
906,0.000423512638296
907,0.000456147790208
908,0.000685410958085
909,0.000540436883344
910,0.000449752451508
911,0.000429540675621
912,0.00045245847518
913,0.000499665105084
914,0.00042237542628
915,0.000412563196949
916,0.000399499742769
917,0.000403462554861
918,0.000391261218971
919,0.00037980629963
920,0.000380614008792
921,0.000372714471617
922,0.000407490787625
923,0.000426185415999
924,0.000417155983213
925,0.000404128933876
926,0.000390527534789
927,0.00037690452366
928,0.000364145594515
929,0.000374362799915
930,0.000372414923586
931,0.000359710620695
932,0.000346432184951
933,0.000372162319915
934,0.000459219981962
935,0.000462862572868
936,0.001290693342933
937,0.000920625730839
938,0.001002526239149
939,0.000766626721939
940,0.000906868559158
941,0.000668230023689
942,0.000535720053797
943,0.000451853806303
944,0.000414922101279
945,0.000509745082446
946,0.000429908964252
947,0.000377760697608
948,0.00034860058943
949,0.000416687016576
950,0.000379591336889
951,0.000444078812374
952,0.000392258717349
953,0.000354490480372
954,0.000332437018361
955,0.00031642529016
956,0.000429069660974
957,0.000421929188587
958,0.000384923975188
959,0.000357020312372
960,0.000335862945667
961,0.000385216162149
962,0.000568720941219
963,0.000444983461924
964,0.000383563502904
965,0.000347050464433
966,0.000329079016557
967,0.00033558050126
968,0.00029799493848
969,0.000282255464963
970,0.000273806153978
971,0.000282709372345
972,0.000307928075316
973,0.00042569244488
974,0.000435922547681
975,0.00043658320736
976,0.000372963280509
977,0.000333631357669
978,0.000449358075293
979,0.000369823590934
980,0.000450690611855
981,0.000641993262469
982,0.001123819762148
983,0.000641938649329
984,0.000868442196047
985,0.000532232474603
986,0.000600388377034
987,0.000415147635984
988,0.000326131486394
989,0.000293844923962
990,0.000358471666354
991,0.00029975000282
992,0.000298888342543
993,0.000276936471157
994,0.000799916751306
995,0.00051469972463
996,0.000708059051148
997,0.00044490902966
998,0.000352882674765
999,0.000295528437776
1000,0.000439786709676
1001,0.000481789769703
1002,0.000394556707187
1003,0.000318348478932
1004,0.000739561690967
1005,0.000644101741389
1006,0.000746994338822
1007,0.000484216293362
1008,0.000370852823419
1009,0.00031799615843
1010,0.000460541429173
1011,0.000359068274602
1012,0.000305922304027
1013,0.000461515045441
1014,0.000753692586908
1015,0.000482385178919
1016,0.001137600547648
1017,0.000787262196769
1018,0.000533134996845
1019,0.000438380256111
1020,0.000354656922159
1021,0.000320133696567
1022,0.000293261514711
1023,0.000326544886093
1024,0.000528103275415
1025,0.000400008501462
1026,0.000380904512611
1027,0.000465444065097
1028,0.000456555968084
1029,0.000453267124127
1030,0.0003619278588
1031,0.00031398283378
1032,0.000283113067655
1033,0.000270771938024
1034,0.00051107965664
1035,0.000391253746475
1036,0.000332032527289
1037,0.000297264134564
1038,0.000276388363138
1039,0.000445553462354
1040,0.000527693461917
1041,0.001042322596074
1042,0.000660335781772
1043,0.000586486063388
1044,0.000923015967946
1045,0.000558824973642
1046,0.000399971207285
1047,0.000361165691638
1048,0.000561792334451
1049,0.000468377280849
1050,0.000577509120121
1051,0.000419351740859
1052,0.000348095267078
1053,0.000300547778713
1054,0.000320777583448
1055,0.000896596064183
1056,0.000866799078795
1057,0.000576680799909
1058,0.000422480913446
1059,0.00044149802607
1060,0.000698595019896
1061,0.000486074472717
1062,0.00075555281526
1063,0.000495427374336
1064,0.000383021904381
1065,0.000338050365429
1066,0.000302776819025
1067,0.00046291872047
1068,0.000363148983905
1069,0.000315928720786
1070,0.000413287229088
1071,0.000343061926084
1072,0.000318285033232
1073,0.000360648235509
1074,0.000404459962099
1075,0.000427654901953
1076,0.000575806409782
1077,0.000434932867449
1078,0.000360915867855
1079,0.000319285944698
1080,0.000300428181052
1081,0.000605248076494
1082,0.000704013376603
1083,0.000689964647121
1084,0.000680661757155
1085,0.000681741197193
1086,0.000679310099387
1087,0.000689814810418
1088,0.000692336114943
1089,0.000686073862379
1090,0.000688502335925
1091,0.000687017424657
1092,0.00068508165666
1093,0.000682403755952
1094,0.000681069049456
1095,0.000678129549759
1096,0.000675306261727
1097,0.000675808350971
1098,0.000674523003013
1099,0.000672003539327
1100,0.00066947353711
1101,0.000668982839161
1102,0.000666584613995
1103,0.000664758119729
1104,0.000668331351556
1105,0.000667422628061
1106,0.000666168387724
1107,0.00066742332234
1108,0.000665643208635
1109,0.000655436961722
1110,0.000651431623037
1111,0.000635391397797
1112,0.000615843478382
1113,0.000604715096257
1114,0.000595169824449
1115,0.000582834751551
1116,0.000585635039572
1117,0.0005712509091
1118,0.00057863898649
1119,0.000569000049196
1120,0.000561362171213
1121,0.000562618463878
1122,0.000566148247663
1123,0.000570784395452
1124,0.00057224461629
1125,0.000563883144793
1126,0.000578999498039
1127,0.000566133770988
1128,0.00055665160312
1129,0.000558233299482
1130,0.000554741347387
1131,0.000541579458918
1132,0.000528345341622
1133,0.000514364712515
1134,0.000512889996892
1135,0.00051490882911
1136,0.000502606579814
1137,0.000486309588795
1138,0.00048168556349
1139,0.000469254584375
1140,0.000471039297535
1141,0.000495588182542
1142,0.000490851270685
1143,0.000480971257615
1144,0.000471615392872
1145,0.000465532886503
1146,0.000355907388252
1147,0.000335972690712
1148,0.000356790494543
1149,0.000390898649642
1150,0.000328951018669
1151,0.000605995992629
1152,0.000399170090723
1153,0.000563521579526
1154,0.000503855651014
1155,0.000614660250336
1156,0.00057667665976
1157,0.000368888332659
1158,0.000385535507981
1159,0.000433308200328
1160,0.000542835841761
1161,0.000470780211177
1162,0.000516814381194
1163,0.000400448751994
1164,0.000353970649341
1165,0.000346696176722
1166,0.00043665098999
1167,0.000409600200511
1168,0.000568180083055
1169,0.000400822947666
1170,0.000370492647193
1171,0.000414089012468
1172,0.000636772272015
1173,0.000401543175926
1174,0.000676645173427
1175,0.000584528525646
1176,0.00080222667113
1177,0.000431498712814
1178,0.000436851865773
1179,0.000400485001526
1180,0.000360549525244
1181,0.000353562301273
1182,0.000426556906849
1183,0.000388202522924
1184,0.000419072121982
1185,0.000409481758828
1186,0.000493837539691
1187,0.00049334744066
1188,0.000494785682707
1189,0.000496785471595
1190,0.000495996187933
1191,0.000494231131403
1192,0.00048612248155
1193,0.000476908254911
1194,0.000471654008126
1195,0.000472259038145
1196,0.000468672588333
1197,0.000459792507834
1198,0.000463918230652
1199,0.000460919650842
1200,0.000453660992203
1201,0.000447949853567
1202,0.000434986656594
1203,0.000420522048695
1204,0.000436679034486
1205,0.000434074961264
1206,0.000387802707741
1207,0.000363095105427
1208,0.000473183840083
1209,0.000457115529609
1210,0.00037136291528
1211,0.000369160020387
1212,0.000430024357165
1213,0.000463746691806
1214,0.000365734197562
1215,0.00046725272886
1216,0.00042828754154
1217,0.000335568668778
1218,0.000352078956025
1219,0.000432689203159
1220,0.000449924173954
1221,0.000328746312441
1222,0.000327171490439
1223,0.000318357881572
1224,0.000289959876014
1225,0.000437434090862
1226,0.000295585035638
1227,0.000249261020145
1228,0.000270594828622
1229,0.000282194482542
1230,0.000307728705219
1231,0.000322533780407
1232,0.000326374609164
1233,0.000362034997912
1234,0.000384748726743
1235,0.000355821477399
1236,0.00035114860462
1237,0.000450262782255
1238,0.000426910560541
1239,0.000390394695192
1240,0.00028363009766
1241,0.000489227580422
1242,0.000397947619451
1243,0.0003042509972
1244,0.000645125751483
1245,0.000363681885021
1246,0.000363897651129
1247,0.000431651073613
1248,0.000424264402254
1249,0.000433758837542
1250,0.000298751814098
1251,0.000372601147826
1252,0.00063589697869
1253,0.000407403853957
1254,0.000466882041342
1255,0.000475123575617
1256,0.000481997226459
1257,0.000396048980965
1258,0.000568663662662
1259,0.000478363699405
1260,0.0002824384099
1261,0.000382484354537
1262,0.000361024695166
1263,0.000485138134521
1264,0.000417573560289
1265,0.000284108719984
1266,0.000693967598671
1267,0.00032116737222
1268,0.000564608882261
1269,0.000331719294484
1270,0.000304456232087
1271,0.000290396078526
1272,0.000454815031128
1273,0.00046693097977
1274,0.000335980094636
1275,0.000300452848066
1276,0.000396375074525
1277,0.00030451724087
1278,0.000266749960932
1279,0.000320413326582
1280,0.000340897915604
1281,0.000470988299501
1282,0.00028852884757
1283,0.000317499135154
1284,0.000276676990814
1285,0.000284964883238
1286,0.00027547281638
1287,0.000284145981793
1288,0.00028598575054
1289,0.000390127525819
1290,0.000300208484415
1291,0.000302982591053
1292,0.000280552275131
1293,0.000322029616286
1294,0.000236730767891
1295,0.000481271076207
1296,0.000263108677849
1297,0.000514623885178
1298,0.000286322320412
1299,0.000351059122409
1300,0.000366930410369
1301,0.000357788845248
1302,0.000281636232864
1303,0.000541779835743
1304,0.000262080043423
1305,0.000297931437566
1306,0.00023407688995
1307,0.000326240928962
1308,0.00028941465619
1309,0.000292971660959
1310,0.000224678661189
1311,0.000207534185797
1312,0.000271321407397
1313,0.000219035313626
1314,0.000186415407432
1315,0.00030418412841
1316,0.000271621291988
1317,0.000278357781341
1318,0.000202810182715
1319,0.000246340603865
1320,0.000205109607997
1321,0.000252084044678
1322,0.000332718467712
1323,0.000390606980252
1324,0.000288158229802
1325,0.000223053211834
1326,0.000302550842053
1327,0.000320439946171
1328,0.00024095097627
1329,0.000289262018993
1330,0.00023257413364
1331,0.000191016491
1332,0.000219725810168
1333,0.000253086047409
1334,0.000294669648816
1335,0.00024826880843
1336,0.000231040341176
1337,0.000223533780079
1338,0.000240795605987
1339,0.000231442408973
1340,0.000218477271241
1341,0.000227863539896
1342,0.000210368598153
1343,0.00020108912688
1344,0.000223528783179
1345,0.000208762271998
1346,0.000195018648773
1347,0.00023230467851
1348,0.000259371447413
1349,0.000252743770137
1350,0.000235887373516
1351,0.000234476704597
1352,0.000218148898799
1353,0.000195428983284
1354,0.000211618893125
1355,0.000195392027837
1356,0.000193074780979
1357,0.000190364450605
1358,0.000215415264271
1359,0.000199218416731
1360,0.000185487351615
1361,0.000190633949775
1362,0.000213231469722
1363,0.000204253064174
1364,0.000248838967772
1365,0.000234888312447
1366,0.000228637356675
1367,0.000220725264474
1368,0.000246479180577
1369,0.000264780301259
1370,0.000261409882295
1371,0.000242696405273
1372,0.00022514398939
1373,0.000217098355375
1374,0.000189293367427
1375,0.000217253527431
1376,0.000449524483303
1377,0.000282249560397
1378,0.000231339755065
1379,0.000232387528404
1380,0.000236962752281
1381,0.000236971745912
1382,0.000211203144241
1383,0.000193028466884
1384,0.000240756708556
1385,0.000196192891447
1386,0.000281741616692
1387,0.000252783566344
1388,0.000210279251912
1389,0.000214729730336
1390,0.000201366664101
1391,0.000188526543141
1392,0.000185455800381
1393,0.000180905773363
1394,0.000189361516551
1395,0.000181022409401
1396,0.000175750352789
1397,0.000170962319542
1398,0.000173103566121
1399,0.000180992769508
1400,0.000116251842574
1401,0.000131710943842
1402,0.000122271839724
1403,0.000227054411929
1404,0.000145875526433
1405,0.00013248856039
1406,0.000115202117338
1407,0.000213180429426
1408,0.00022632677053
1409,0.000210629275744
1410,0.000197427319851
1411,0.000261587343831
1412,0.000217944004297
1413,0.000300620875803
1414,0.00024486064888
1415,0.000218073532447
1416,0.000245417104541
1417,0.000211815697938
1418,0.000311753275441
1419,0.000239492196293
1420,0.000211651012027
1421,0.000312157470316
1422,0.000251914217773
1423,0.000213426217915
1424,0.000218933789927
1425,0.000205184091688
1426,0.000173326606216
1427,0.000188501740721
1428,0.000175374164342
1429,0.000168905444401
1430,0.000208466096205
1431,0.000203991642012
1432,0.000201465733755
1433,0.000224398249873
1434,0.000215481545564
1435,0.000203906884233
1436,0.000203095565804
1437,0.000198057733155
1438,0.000242223089337
1439,0.0002539627799
1440,0.000249093264813
1441,0.000246261699204
1442,0.000244453182025
1443,0.000312351291036
1444,0.000314102781708
1445,0.000293532752717
1446,0.000281945037341
1447,0.00027547422228
1448,0.000259127723543
1449,0.000254924592225
1450,0.0002380175012
1451,0.000223385982044
1452,0.000213023244741
1453,0.000203563785184
1454,0.000204332463596
1455,0.000199131559028
1456,0.000193229526528
1457,0.000213162373664
1458,0.000201528384015
1459,0.00019417172438
1460,0.000200928918416
1461,0.000192371114731
1462,0.00018610245302
1463,0.000173222012318
1464,0.000171081451191
1465,0.000171472130015
1466,0.000195944887274
1467,0.000227281762532
1468,0.000230095600733
1469,0.00021753813021
1470,0.000210604293679
1471,0.00020552489386
1472,0.000201996989898
1473,0.000202822831791
1474,0.000198250580476
1475,0.000189845501271
1476,0.000195665379512
1477,0.000192036188899
1478,0.0001787089243
1479,0.000165420808626
1480,0.000159507191363
1481,0.000159221731422
1482,0.000165573016172
1483,0.000172086095716
1484,0.000195696926082
1485,0.000229544233738
1486,0.000216411688512
1487,0.00020555343356
1488,0.000193544159809
1489,0.000192762585535
1490,0.000194171086453
1491,0.000230696088705
1492,0.000203040138814
1493,0.000197247412211
1494,0.000191092519981
1495,0.000191270330583
1496,0.000186619943914
1497,0.000184557088515
1498,0.000184474461326
1499,0.000182043767671
1500,0.000223514611445
1501,0.000186378529356
1502,0.000182434774394
1503,0.000190434707232
1504,0.000198696808397
1505,0.000184336911985
1506,0.000176448313558
1507,0.000214377119595
1508,0.000191216622876
1509,0.000186824672964
1510,0.000186171450626
1511,0.0001861755966
1512,0.000177221385253
1513,0.000189624680209
1514,0.0001844236517
1515,0.00018326177901
1516,0.000186459142876
1517,0.000187705025162
1518,0.000188759864889
1519,0.000187774306878
1520,0.000186128575995
1521,0.000187745242007
1522,0.000186432822495
1523,0.000187337260348
1524,0.000187833989795
1525,0.000190508025264
1526,0.00019446611882
1527,0.00019300475486
1528,0.000195812758438
1529,0.00018661294509
1530,0.000193542641053
1531,0.000194479912305
1532,0.000191385203131
1533,0.000188340063965
1534,0.000185221941987
1535,0.00020482690051
1536,0.000187371182613
1537,0.000194698776561
1538,0.000188303351075
1539,0.000187082749528
1540,0.000184395521228
1541,0.000179978412048
1542,0.000237705443576
1543,0.000179231082572
1544,0.000183398645611
1545,0.000187119103786
1546,0.000198880164904
1547,0.000196866427564
1548,0.000187987639406
1549,0.000187145334317
1550,0.000186287352733
1551,0.000187666406851
1552,0.000187324617364
1553,0.000187197941299
1554,0.000203864784885
1555,0.000191814349802
1556,0.000205283468342
1557,0.000191528803874
1558,0.000198426277808
1559,0.000189718684914
1560,0.000188814461745
1561,0.000188350389067
1562,0.000188473356064
1563,0.000187569650281
1564,0.000186851477413
1565,0.000185976929994
1566,0.000188221105015
1567,0.00018758890462
1568,0.000186586713802
1569,0.000185655416559
1570,0.000190752394004
1571,0.00019012508635
1572,0.000192135984567
1573,0.0001904796207
1574,0.000189580761487
1575,0.000188904008779
1576,0.000188700628819
1577,0.000188132884289
1578,0.000189613847638
1579,0.000188868858013
1580,0.000189758154499
1581,0.000190213937885
1582,0.000189550001268
1583,0.00018912399901
1584,0.000188487557464
1585,0.000189825388497
1586,0.000190805425501
1587,0.000190840921009
1588,0.000193477053658
1589,0.000193235364727
1590,0.000192503723634
1591,0.000192044348123
1592,0.000191718671521
1593,0.00019135594525
1594,0.000191523981606
1595,0.00019248691684
1596,0.000192058322279
1597,0.000219582127572
1598,0.000200226903008
1599,0.000191568113805
1600,0.000190796068473
1601,0.000180152048313
1602,0.00021557729206
1603,0.000191145714444
1604,0.000190448500779
1605,0.000189140994473
1606,0.000188830252143
1607,0.00018916288751
1608,0.000188583356052
1609,0.000188284746746
1610,0.000188976853664
1611,0.000180685600401
1612,0.000176703446668
1613,0.000201966316015
1614,0.000186366392198
1615,0.000185373683041
1616,0.000174885954159
1617,0.000175820624835
1618,0.000200246239272
1619,0.000182880133076
1620,0.000182942608698
1621,0.000182653856959
1622,0.000182195952371
1623,0.000175222934524
1624,0.000182022175223
1625,0.000175310861662
1626,0.00017942401277
1627,0.000179503778586
1628,0.000178387430646
1629,0.000178446271719
1630,0.000176112930139
1631,0.00017671890358
1632,0.000178536573473
1633,0.000180696467427
1634,0.000178766724703
1635,0.000168229211667
1636,0.00018035977647
1637,0.000179947055749
1638,0.000176381461849
1639,0.000179791886927
1640,0.000179529511653
1641,0.000179076062359
1642,0.000182098008732
1643,0.000182626360245
1644,0.000183513492911
1645,0.000183326216564
1646,0.000187147320686
1647,0.000189080816366
1648,0.000188785435844
1649,0.000189596146456
1650,0.00025532168767
1651,0.000239501289768
1652,0.000297328353795
1653,0.000234866112016
1654,0.000248350574422
1655,0.000214531033128
1656,0.000206056603955
1657,0.000206451586031
1658,0.000254092987654
1659,0.000300507827059
1660,0.000257854600646
1661,0.000300295652715
1662,0.000275795939243
1663,0.000347652593873
1664,0.000310002540278
1665,0.000265059202627
1666,0.000227004887279
1667,0.000202747250828
1668,0.000198444806515
1669,0.000187879705638
1670,0.000171125577665
1671,0.000161909358407
1672,0.000155257934852
1673,0.000162086576317
1674,0.000179054333378
1675,0.000179747045829
1676,0.000195083489091
1677,0.000182628317929
1678,0.000191417024617
1679,0.000182345730396
1680,0.000165599633704
1681,0.00015862540368
1682,0.000192074582659
1683,0.000181006969921
1684,0.000174096702146
1685,0.000182071532142
1686,0.000183592127611
1687,0.000170723199652
1688,0.00019289005013
1689,0.000183618505703
1690,0.000178426728417
1691,0.000177506605179
1692,0.000185940057777
1693,0.000177967066778
1694,0.000177771953088
1695,0.000173196125126
1696,0.000176949820542
1697,0.000171048616787
1698,0.000165025096939
1699,0.000176717913757
1700,0.000169849664237
1701,0.000166466440339
1702,0.000165385094391
1703,0.000158323704997
1704,0.000151994476723
1705,0.000147819225444
1706,0.000141782399936
1707,0.00013772990785
1708,0.000135212417579
1709,0.000145336601511
1710,0.000138166986158
1711,0.000149620760817
1712,0.000149573732723
1713,0.000140879553203
1714,0.000133931255316
1715,0.000131408072401
1716,0.000129625645835
1717,0.000123772930169
1718,0.000120715942478
1719,0.000119654963005
1720,0.000119090644118
1721,0.000114403365464
1722,0.000110651873803
1723,0.000121364243703
1724,0.000126139195102
1725,0.000127653271302
1726,0.000137188203493
1727,0.000165100756415
1728,0.000150466215066
1729,0.000144046068012
1730,0.00015369256594
1731,0.000167947787383
1732,0.000168834849374
1733,0.000175699341757
1734,0.000157468148439
1735,0.000184432885103
1736,0.000175785216783
1737,0.000169395158227
1738,0.000157150471415
1739,0.000149857157408
1740,0.000143735863689
1741,0.000140548064383
1742,0.000150380468337
1743,0.000146336838313
1744,0.000143719439815
1745,0.000134235169062
1746,0.000131796833116
1747,0.000182098518169
1748,0.000174749991256
1749,0.000208435347811
1750,0.000196080097625
1751,0.000199159204908
1752,0.000184364120869
1753,0.000186325290683
1754,0.000177533996461
1755,0.000162837934351
1756,0.000157036735469
1757,0.000145337892174
1758,0.000136977702541
1759,0.000128313528059
1760,0.000128539037903
1761,0.000121342646798
1762,0.000115873547736
1763,0.000109128604117
1764,0.000105234546982
1765,0.000131933297077
1766,0.00012346123303
1767,0.000118933448515
1768,0.000116920149524
1769,0.00011280791556
1770,0.000121521186386
1771,0.000108952918057
1772,0.000103954975175
1773,0.000116029662463
1774,0.000113007104289
1775,0.00010522082676
1776,0.000109017764032
1777,0.000107463356124
1778,0.000101501196618
1779,9.39269121516931E-05
1780,0.000106270875789
1781,0.000108372091775
1782,0.000120622827506
1783,0.000138622534679
1784,0.00013233944899
1785,0.000129653480212
1786,0.000127912566622
1787,0.000137219642914
1788,0.000138050141729
1789,0.000130186399708
1790,0.000151674365367
1791,0.000154130258726
1792,0.000146902890305
1793,0.000148559934826
1794,0.000144523723059
1795,0.000143206671998
1796,0.000134144701452
1797,0.00011909699809
1798,0.000107822369989
1799,0.000103149325976
1800,0.000106903279212
1801,9.8868297392473E-05
1802,9.21519678169721E-05
1803,9.05679304495733E-05
1804,8.09853514568045E-05
1805,0.000112316106374
1806,0.000104586797599
1807,0.000120265412184
1808,0.000149811956907
1809,0.000160906818165
1810,0.000166629356573
1811,0.000152245661962
1812,0.000154606891725
1813,0.000159913481138
1814,0.000163182969078
1815,0.000145448210326
1816,0.000158562602961
1817,0.000164024597685
1818,0.000154551775919
1819,0.000142935203636
1820,0.000130989852417
1821,0.00011918608148
1822,0.000111383566768
1823,0.000102169070018
1824,9.23044874741727E-05
1825,0.000117082239141
1826,0.000107340783608
1827,9.98269761996866E-05
1828,0.000112016477459
1829,0.000101105680836
1830,0.000104388203058
1831,0.000107011365264
1832,9.79448969135878E-05
1833,9.45022107491127E-05
1834,8.64350794741854E-05
1835,8.22911186279246E-05
1836,7.69242802393963E-05
1837,9.08827117956523E-05
1838,8.95595321555641E-05
1839,8.28532111496847E-05
1840,9.41870976748657E-05
1841,8.41880544291186E-05
1842,8.72274526968834E-05
1843,9.3889190297168E-05
1844,9.35828437718641E-05
1845,9.47227363555394E-05
1846,8.84791013990538E-05
1847,8.4424530754602E-05
1848,7.80054079603466E-05
1849,0.00011014340356
1850,0.000113297017157
1851,0.000103585337489
1852,9.48229173623947E-05
1853,8.84657909800298E-05
1854,0.000109627748487
1855,0.000150441323951
1856,0.00013673455224
1857,0.000125751248673
1858,0.000137118337531
1859,0.000158403062084
1860,0.000168752052047
1861,0.000151047367296
1862,0.00013838770054
1863,0.000124472646913
1864,0.000111328040362
1865,0.000101247856609
1866,9.37033202708877E-05
1867,9.62220140421695E-05
1868,8.38901219153187E-05
1869,8.10739732241648E-05
1870,7.28062438744231E-05
1871,8.77844344843644E-05
1872,9.32971776139643E-05
1873,0.000126833311235
1874,0.000127117317045
1875,0.000115485954942
1876,0.00010651263969
1877,9.89806201987885E-05
1878,0.000100338899067
1879,9.05756240764702E-05
1880,0.0001188870414
1881,0.00010536996402
1882,9.41906680785596E-05
1883,0.000168125938037
1884,0.000156266315573
1885,0.00013620248244
1886,0.000131607725631
1887,0.00014178966784
1888,0.000128281238446
1889,0.000185734834952
1890,0.000163134101744
1891,0.00014306249499
1892,0.000175993165214
1893,0.000148832788072
1894,0.000117275842583
1895,0.000110347201429
1896,0.00011174185672
1897,0.000120387686617
1898,0.000108658887503
1899,0.000140780376278
1900,0.000105137577907
1901,0.000108596552398
1902,9.91896944785794E-05
1903,9.26039015726398E-05
1904,9.06854187880124E-05
1905,9.21425026088327E-05
1906,9.00402082804235E-05
1907,8.83743749094373E-05
1908,0.000119971638735
1909,0.000102949977255
1910,0.000102842139013
1911,9.87031935614676E-05
1912,0.000113778667646
1913,0.000103685008928
1914,9.91887521717219E-05
1915,0.00012609224461
1916,0.000112950813587
1917,0.000102360062875
1918,9.80328025584036E-05
1919,9.54384131903649E-05
1920,9.2128164922249E-05
1921,9.27791553127514E-05
1922,9.89616960132067E-05
1923,0.000105457959162
1924,0.000103008317184
1925,9.89296838639463E-05
1926,9.64224210222472E-05
1927,9.77973556684439E-05
1928,0.000100402776749
1929,0.000103682096188
1930,9.7139803345133E-05
1931,9.37166685869958E-05
1932,8.98160959464616E-05
1933,8.57568232171798E-05
1934,8.22186976782636E-05
1935,9.38542244374643E-05
1936,9.92176794649073E-05
1937,9.72065348738622E-05
1938,0.000101188906273
1939,0.000107832612618
1940,0.000109399294813
1941,0.000108914477718
1942,0.000108509667589
1943,0.000109597620413
1944,0.000109849108337
1945,0.00010924633026
1946,0.000109336670446
1947,0.000110226260407
1948,0.000109746072447
1949,0.000109323328968
1950,0.000108870543528
1951,0.000108520632532
1952,0.000108026416337
1953,0.000108580262567
1954,0.000108098356233
1955,0.000108289536702
1956,9.56421814493402E-05
1957,0.000108628330473
1958,9.20474140596236E-05
1959,0.000108001725021
1960,0.000107611877432
1961,8.82525470222639E-05
1962,0.000106780394383
1963,0.000106508702279
1964,8.10872223924274E-05
1965,8.46486946732978E-05
1966,0.000106788112256
1967,9.00815201423519E-05
1968,0.00010183888202
1969,9.48488837135436E-05
1970,0.000123886522811
1971,0.000109311898532
1972,0.000106784860879
1973,0.000105810178527
1974,9.75530495869272E-05
1975,9.40694727205349E-05
1976,9.49888962010885E-05
1977,0.000102818135536
1978,9.81157705453887E-05
1979,0.000105081397106
1980,9.94573709170327E-05
1981,8.95071396764042E-05
1982,8.60169824494785E-05
1983,0.000106874308812
1984,0.000172079901919
1985,0.000130519479788
1986,0.000105721822648
1987,0.00010190211187
1988,0.000107514325931
1989,0.000104565298635
1990,0.000104842434575
1991,0.000104425307115
1992,0.000103928976962
1993,0.000103731356908
1994,9.80524348232523E-05
1995,0.000103381629334
1996,0.000101656657483
1997,9.99360890751328E-05
1998,0.000101129316292
1999,0.000103944553686
2000,0.000102440944795
2001,0.000103362352519
2002,0.000232595917034
2003,0.000124581215027
2004,0.000106870890533
2005,0.000115008665455
2006,0.000117798019678
2007,0.000123543452664
2008,0.000110575840227
2009,0.000186600599553
2010,0.000152395528294
2011,0.000133902985031
2012,0.000147380608698
2013,0.000130651374009
2014,0.000117103752777
2015,0.000107322774001
2016,0.000107421672138
2017,9.87938941955935E-05
2018,9.27721874349756E-05
2019,8.8635336896351E-05
2020,0.000101805606973
2021,9.76863047532391E-05
2022,9.96873233057917E-05
2023,9.63895520468067E-05
2024,0.000135775009253
2025,0.000152263527218
2026,0.000128546170038
2027,0.000118825727186
2028,0.000132295941483
2029,0.000113145916072
2030,0.000102416539259
2031,9.7917152228972E-05
2032,0.000152252675899
2033,0.000122492356343
2034,0.000111666254753
2035,0.000104525200528
2036,0.00010871853303
2037,0.000108789057823
2038,0.000144043977474
2039,9.6823765392272E-05
2040,9.34719280947127E-05
2041,9.29224995123781E-05
2042,0.000104152850897
2043,0.00012967105997
2044,0.000172650161865
2045,0.000161860686958
2046,0.000177584124142
2047,0.000173157840492
2048,0.000189387060628
2049,0.000185225700447
2050,0.000181480161721
2051,0.000107181099894
2052,0.000118520370167
2053,0.000132112239722
2054,0.000129473322601
2055,0.00011313578478
2056,0.000179619988833
2057,0.000176547984418
2058,0.00018164381029
2059,0.000180716122373
2060,0.00017978412929
2061,0.000189093975468
2062,0.000185875431092
2063,0.00018891156617
2064,0.000186672427713
2065,0.000194944721999
2066,0.00019458531792
2067,0.000191374031239
2068,0.000184746101818
2069,0.000184839447948
2070,0.000179521316138
2071,0.000182422956795
2072,0.00018624209081
2073,0.000182142025533
2074,0.000182506986237
2075,0.000191935066271
2076,0.000187773754336
2077,0.000183186411189
2078,0.000179070425738
2079,0.000183305744254
2080,0.000183815982055
2081,0.000178042401656
2082,0.000193507361429
2083,0.000189043018804
2084,0.000185093425558
2085,0.000202877877795
2086,0.000207674660459
2087,0.000205984566952
2088,0.000207940388815
2089,0.0002075993139
2090,0.000206698274379
2091,0.000205570140896
2092,0.000203549156446
2093,0.000201146428377
2094,0.000204133936854
2095,0.000206208556545
2096,0.000204929824089
2097,0.000213549169742
2098,0.000211505281202
2099,0.000211277588003
2100,0.000211884964309
2101,0.000215119142008
2102,0.000213511771889
2103,0.000213223128741
2104,0.000211887883909
2105,0.000217556453218
2106,0.000225051514706
2107,0.000227199367228
2108,0.000225433730082
2109,0.000224102233801
2110,0.000224509884819
2111,0.000225876199851
2112,0.000226358410793
2113,0.000226982370897
2114,0.000226149576582
2115,0.000225228623917
2116,0.000224866174878
2117,0.000223833008981
2118,0.000218919175745
2119,0.000215947126591
2120,0.000213150370252
2121,0.000226115432206
2122,0.000225068240724
2123,0.000218637319304
2124,0.000234966414579
2125,0.000235313562709
2126,0.000234531253277
2127,0.000233704208572
2128,0.000236504436094
2129,0.000237090190686
2130,0.00023654806306
2131,0.000235935631717
2132,0.000235440159026
2133,0.000239849083032
2134,0.000238979886894
2135,0.000243803905309
2136,0.000242796689589
2137,0.000241932281854
2138,0.000243058066441
2139,0.000234967371843
2140,0.000229369526352
2141,0.000224307930231
2142,0.000229288218643
2143,0.000224190631987
2144,0.000219201415145
2145,0.000216783558766
2146,0.000217028440328
2147,0.0002200199111
2148,0.000215845077938
2149,0.000213042638406
2150,0.000212270605935
2151,0.000210014925797
2152,0.000214458415771
2153,0.000212554807546
2154,0.000209595194745
2155,0.000205803794619
2156,0.000215864177847
2157,0.000235895523023
2158,0.000249716428505
2159,0.00024466907368
2160,0.000245115521427
2161,0.000239633945547
2162,0.000254667691734
2163,0.000249099257983
2164,0.000242960654359
2165,0.000245956448366
2166,0.000239585307274
2167,0.000233856131627
2168,0.000237589099492
2169,0.000234126497285
2170,0.000231461509524
2171,0.000236609286797
2172,0.000231926441667
2173,0.000235307168464
2174,0.00023120161758
2175,0.000230955801541
2176,0.00023200338362
2177,0.000227811039948
2178,0.000226185198062
2179,0.00022271197513
2180,0.000220286668795
2181,0.000237249667171
2182,0.000238844245233
2183,0.00023471346799
2184,0.000236509622154
2185,0.000268115926833
2186,0.000267159580122
2187,0.000264860637381
2188,0.000263166608246
2189,0.000299557210003
2190,0.00029951948937
2191,0.000301102627164
2192,0.000301095549501
2193,0.000301680305305
2194,0.000301060019694
2195,0.000301731247825
2196,0.000302594422983
2197,0.00030116875015
2198,0.000296150052706
2199,0.000290092701347
2200,0.000285272215697
2201,0.000277956660878
2202,0.00027423261113
2203,0.000267390320029
2204,0.000269395315217
2205,0.000261857557058
2206,0.000256178323371
2207,0.000250458337498
2208,0.000251656850427
2209,0.000246641880609
2210,0.000246271735959
2211,0.000244230543608
2212,0.000246873494093
2213,0.000242845354006
2214,0.000239042879495
2215,0.000236014896264
2216,0.000233297179577
2217,0.000230602363669
2218,0.000243285469068
2219,0.000255658889737
2220,0.000260751797707
2221,0.000255583888021
2222,0.000271816473953
2223,0.000268571146155
2224,0.000263664953417
2225,0.000257575481059
2226,0.000252283212381
2227,0.00024710446139
2228,0.000248496629945
2229,0.000244546062207
2230,0.000240829107839
2231,0.000245001077791
2232,0.000243933691581
2233,0.000245717178243
2234,0.000240275904603
2235,0.000217995986432
2236,0.000233187019631
2237,0.000254177206359
2238,0.000250968422561
2239,0.000263547634426
2240,0.000230411159247
2241,0.000248113099747
2242,0.000212676369477
2243,0.000205300739228
2244,0.000201502098526
2245,0.000200954142784
2246,0.000198214493803
2247,0.000195506127605
2248,0.000226762308884
2249,0.00021426496387
2250,0.000269173340976
2251,0.000428806683997
2252,0.000357559851281
2253,0.000306702073144
2254,0.000300431787067
2255,0.000295100128445
2256,0.00029476145893
2257,0.000284054140013
2258,0.000277486234811
2259,0.00027909665397
2260,0.000279083324422
2261,0.000275157383436
2262,0.000282517290925
2263,0.000286463444153
2264,0.000288766032243
2265,0.000284194286669
2266,0.000288944140085
2267,0.000282134678111
2268,0.000301780702316
2269,0.000293535640022
2270,0.000299366225666
2271,0.000300680770528
2272,0.000293614076411
2273,0.000317637651387
2274,0.000308952273267
2275,0.000301384629606
2276,0.000297000241155
2277,0.000288793830144
2278,0.000237907405689
2279,0.000318799439699
2280,0.00034086152351
2281,0.000292510073076
2282,0.000324256538429
2283,0.000293360428487
2284,0.000311786377238
2285,0.00027434225887
2286,0.000253130830788
2287,0.000253594998519
2288,0.000254613033032
2289,0.000242894155776
2290,0.00023748097918
2291,0.000233368751601
2292,0.000238646971142
2293,0.000251356354221
2294,0.000259754369812
2295,0.000262926996802
2296,0.000310879786701
2297,0.000305188252241
2298,0.0003104182958
2299,0.000308488376396
2300,0.000306668812517
2301,0.000300713691416
2302,0.000297423896431
2303,0.00029216475764
2304,0.000287466579612
2305,0.000291277419923
2306,0.000286869938619
2307,0.000285391256314
2308,0.000281818607448
2309,0.00028471280667
2310,0.000282105823504
2311,0.00027886551409
2312,0.000278804708555
2313,0.000275877209148
2314,0.000272754671648
2315,0.000269856267507
2316,0.000267475420128
2317,0.000265072267195
2318,0.000264514967871
2319,0.000264136451755
2320,0.000264567280037
2321,0.000262611338205
2322,0.000261286113658
2323,0.00026274515914
2324,0.000262269470968
2325,0.000260704196882
2326,0.000258655602332
2327,0.000242657196756
2328,0.000240194054105
2329,0.000234735783343
2330,0.000259984331688
2331,0.000262712770482
2332,0.000261768452772
2333,0.000260303123685
2334,0.000246566791739
2335,0.000242523539947
2336,0.000256264422556
2337,0.000242236717618
2338,0.000249825968358
2339,0.000247975130245
2340,0.000245394464201
2341,0.000242686866866
2342,0.000252427420382
2343,0.000238583471159
2344,0.000235002257065
2345,0.000230594256588
2346,0.000231979875938
2347,0.000234404591644
2348,0.000228308270524
2349,0.000232455360962
2350,0.000240311179987
2351,0.000235636325909
2352,0.000232758028004
2353,0.000227446084151
2354,0.00024890039197
2355,0.000243593325983
2356,0.000242710913432
2357,0.000237749186906
2358,0.0002348219066
2359,0.000232671072767
2360,0.000229280875817
2361,0.000226987215772
2362,0.000214763425623
2363,0.000216882832465
2364,0.000215863236403
2365,0.000220468150542
2366,0.000216407783805
2367,0.000212731187273
2368,0.000221793150898
2369,0.00022101734816
2370,0.00022932800733
2371,0.000169885122588
2372,0.000147604139576
2373,0.000177395447615
2374,0.000204212367938
2375,0.000213493606302
2376,0.000261396276277
2377,0.000264669788101
2378,0.000266965893029
2379,0.000293672826585
2380,0.000274480921397
2381,0.000254525190213
2382,0.00026995434979
2383,0.000262995158613
2384,0.000248642404616
2385,0.000253967586145
2386,0.000265418576273
2387,0.000244589442473
2388,0.000249643527794
2389,0.000255060811318
2390,0.000238454154446
2391,0.00022104282535
2392,0.000214569377337
2393,0.000220026289077
2394,0.000211276625691
2395,0.000210487510684
2396,0.000240137943925
2397,0.000230769459647
2398,0.000221504395578
2399,0.000217862735021
2400,0.000200437622327
2401,0.000185310250988
2402,0.000172132439496
2403,0.000220112799298
2404,0.00022529799573
2405,0.000222092581177
2406,0.000246567261232
2407,0.000233401886845
2408,0.000232007183629
2409,0.000212148918298
2410,0.000220792510663
2411,0.000207619121721
2412,0.000196327897209
2413,0.000187543737475
2414,0.000208032219129
2415,0.000194276620576
2416,0.000181076087673
2417,0.000177209595625
2418,0.000201427644483
2419,0.000205313689638
2420,0.000190494953134
2421,0.000205195447253
2422,0.000229433855569
2423,0.000217593368656
2424,0.000203859400738
2425,0.000196255079317
2426,0.000180504063078
2427,0.000205994767418
2428,0.00019502564182
2429,0.000182088926608
2430,0.000176983117256
2431,0.000194486524385
2432,0.000151882814669
2433,0.000245037064597
2434,0.000214531680994
2435,0.000226865784578
2436,0.000212915864832
2437,0.000215117262383
2438,0.000273328263922
2439,0.000275508128723
2440,0.000258753573004
2441,0.000276712597593
2442,0.000259428390494
2443,0.000273368507621
2444,0.000258856330793
2445,0.000251793119056
2446,0.000243057420309
2447,0.000233645644087
2448,0.00022775924457
2449,0.00021387241154
2450,0.000202261931062
2451,0.00020371114633
2452,0.000215896192996
2453,0.000214997185316
2454,0.000198323795769
2455,0.00023782783405
2456,0.000211668153929
2457,0.000193772207436
2458,0.00020560514236
2459,0.000189282233975
2460,0.000181438024017
2461,0.000175385418342
2462,0.00017399185506
2463,0.000179312921002
2464,0.00020075275707
2465,0.000222966957109
2466,0.000198782432487
2467,0.000231015317181
2468,0.000217663728421
2469,0.000224811376459
2470,0.000228938358549
2471,0.000226316582256
2472,0.000227317233636
2473,0.000227810023707
2474,0.000202883341325
2475,0.0001907611363
2476,0.000248806242942
2477,0.000296933527818
2478,0.000287756836182
2479,0.000342645749209
2480,0.000313455338481
2481,0.000318437384759
2482,0.000346746209825
2483,0.00029560496373
2484,0.000283068197464
2485,0.000300964836191
2486,0.000305545262762
2487,0.000286083312172
2488,0.000256853758778
2489,0.000321776639366
2490,0.000282796916023
2491,0.000243543871945
2492,0.000238702336687
2493,0.000273349674236
2494,0.000238402373388
2495,0.000219852204316
2496,0.000281805774564
2497,0.000253112521687
2498,0.000221142678447
2499,0.000192636815717
2500,0.000169086592547
2501,0.00020527833387
2502,0.000173032687261
2503,0.000157715383986
2504,0.000168667065107
2505,0.000180212929442
2506,0.000185015062762
2507,0.00017242758364
2508,0.000185414419277
2509,0.000283206863535
2510,0.000287728338152
2511,0.000289868093995
2512,0.000310003256851
2513,0.000415814053501
2514,0.000395627651588
2515,0.000407996332758
2516,0.000407146066511
2517,0.000381621146695
2518,0.000404604010203
2519,0.000426114969901
2520,0.000391360172958
2521,0.000375160587492
2522,0.00034249839954
2523,0.000352192849997
2524,0.000335274139375
2525,0.000195530275146
2526,0.00028588808496
2527,0.000293527733192
2528,0.000299684100331
2529,0.00031548063904
2530,0.000299277989442
2531,0.000282902668188
2532,0.00029158238388
2533,0.000278507988007
2534,0.000302782206443
2535,0.000303801169551
2536,0.000289797854969
2537,0.000269699557707
2538,0.000255240800713
2539,0.000215230340836
2540,0.000204525566203
2541,0.000203586600403
2542,0.000204449358339
2543,0.000200752052925
2544,0.000196338210238
2545,0.000186552149337
2546,0.000177732510284
2547,0.000170243258468
2548,0.00015925136307
2549,0.000163508503836
2550,0.000154422906966
2551,0.000166535167413
2552,0.000178630351159
2553,0.000187452911335
2554,0.000176106946525
2555,0.000204925888004
2556,0.000194322041749
2557,0.000193281677541
2558,0.000183334000879
2559,0.000204077696004
2560,0.000223016112413
2561,0.000211991454465
2562,0.00020554243573
2563,0.000195388494602
2564,0.000185860274606
2565,0.00019725114765
2566,0.000190669926992
2567,0.000183206980278
2568,0.000174774547595
2569,0.000169049315999
2570,0.000194554999975
2571,0.000185129805512
2572,0.000173309335791
2573,0.000162899645531
2574,0.000155158404206
2575,0.000153538728003
2576,0.000183276007289
2577,0.00018099249845
2578,0.000174758416405
2579,0.00016577140609
2580,0.000158407970373
2581,0.000148976856329
2582,0.000150234595374
2583,0.000176143375016
2584,0.000193746803704
2585,0.000185296870207
2586,0.000178791407206
2587,0.00017184208715
2588,0.000169531298141
2589,0.000174132181352
2590,0.000176529994625
2591,0.000187200372772
2592,0.000179407936925
2593,0.00018023083619
2594,0.000177928662642
2595,0.000174951098962
2596,0.000176025244358
2597,0.000176822852124
2598,0.000177685613459
2599,0.000209734001513
2600,0.000203379108545
2601,0.000196351145477
2602,0.000189663432367
2603,0.00018782519958
2604,0.000198497446828
2605,0.000192101370005
2606,0.000191473162229
2607,0.000186403365475
2608,0.000183209865351
2609,0.000177014813589
2610,0.000170374290119
2611,0.000169646597557
2612,0.000163658033986
2613,0.000159129370668
2614,0.000167738176481
2615,0.000163535809804
2616,0.000163373357878
2617,0.000188422786274
2618,0.000203093207402
2619,0.000204605859244
2620,0.000219836583109
2621,0.000165776388691
2622,0.000154089477042
2623,0.000263404420164
2624,0.000187078151223
2625,0.000209814518508
2626,0.000207133546672
2627,0.000211278941921
2628,0.000220802237907
2629,0.000212012257804
2630,0.000207024542892
2631,0.000206795233854
2632,0.000199942354888
2633,0.00020302373017
2634,0.000200804624932
2635,0.000194832547006
2636,0.000197498921772
2637,0.000201117199725
2638,0.000194230163104
2639,0.000188511219258
2640,0.000197970650091
2641,0.000199782507603
2642,0.000194091795232
2643,0.000186660384948
2644,0.000182263406524
2645,0.000179351874654
2646,0.000192602062034
2647,0.000191602751538
2648,0.000192370751048
2649,0.000184492796106
2650,0.000190291142153
2651,0.000181706423374
2652,0.00017918341719
2653,0.000171826159237
2654,0.000163949368329
2655,0.000170747971784
2656,0.000158704016283
2657,0.000156304356212
2658,0.000165511318748
2659,0.000160378620906
2660,0.00015509579191
2661,0.000206750177594
2662,0.000230045341479
2663,0.000227861086625
2664,0.00021783627235
2665,0.000207874580769
2666,0.000237429866412
2667,0.00022943027349
2668,0.000219543370579
2669,0.00022473896812
2670,0.000221400049176
2671,0.000214014374421
2672,0.000201010212118
2673,0.000188706981884
2674,0.00017811932957
2675,0.000170428027107
2676,0.000168759634727
2677,0.000165459127858
2678,0.00016322463283
2679,0.000223548123163
2680,0.000203422461498
2681,0.000264587829467
2682,0.00029856381673
2683,0.000231124369279
2684,0.000333246481968
2685,0.000258427162127
2686,0.000253656724866
2687,0.000267628644535
2688,0.00025588113663
2689,0.000251193047986
2690,0.000247448513521
2691,0.000258379278464
2692,0.000243713138453
2693,0.000286991869563
2694,0.000276234857858
2695,0.000257788876064
2696,0.000243945773254
2697,0.000232677096259
2698,0.000231492986081
2699,0.000243860696234
2700,0.000235660643691
2701,0.000236204771855
2702,0.000234537278017
2703,0.000226975357666
2704,0.000207285460246
2705,0.000201304956142
2706,0.000195436654991
2707,0.000199276599516
2708,0.000189677505275
2709,0.000180994134143
2710,0.000177420720211
2711,0.00017301591815
2712,0.000170873550995
2713,0.00018785160962
2714,0.000191162642599
2715,0.000184647840234
2716,0.00018625281714
2717,0.000181755520182
2718,0.000200668436904
2719,0.000187987848213
2720,0.000231612786429
2721,0.000208673057894
2722,0.000191627633435
2723,0.000182457833557
2724,0.000180278389252
2725,0.000174686618985
2726,0.000213190031243
2727,0.000223306182278
2728,0.000198979432854
2729,0.000184575500352
2730,0.000249817068579
2731,0.0001856511774
2732,0.000184445452793
2733,0.000178387971579
2734,0.000214369222078
2735,0.000205374712627
2736,0.000224202928008
2737,0.000198173499853
2738,0.000193232014336
2739,0.000190578099063
2740,0.000182789797775
2741,0.000228778654906
2742,0.000198484413692
2743,0.000182880204073
2744,0.000184764173185
2745,0.000219016537206
2746,0.000217886600792
2747,0.00020703752522
2748,0.000189254500365
2749,0.000179793380797
2750,0.000182286062559
2751,0.000183595205459
2752,0.000159584301883
2753,0.000193723345249
2754,0.000180911035079
2755,0.000171302300433
2756,0.000198241130755
2757,0.000181804472637
2758,0.000183883498542
2759,0.000187075666746
2760,0.000170867469613
2761,0.000203919521842
2762,0.000171288891989
2763,0.000169490571315
2764,0.000163892067488
2765,0.000173500765504
2766,0.000162328385988
2767,0.000160105008993
2768,0.000177896001673
2769,0.000173027539513
2770,0.000171860314241
2771,0.00016690572038
2772,0.00015873694478
2773,0.000157773203999
2774,0.000164344634505
2775,0.000154420978793
2776,0.000161315942066
2777,0.000173321545642
2778,0.000156407678171
2779,0.000154218910614
2780,0.000173473777814
2781,0.00015461338916
2782,0.000182964485267
2783,0.000155909889713
2784,0.000165321013244
2785,0.000157451677574
2786,0.000165284601264
2787,0.000164053259383
2788,0.000175097816818
2789,0.000166456438466
2790,0.000158505110609
2791,0.000155161581993
2792,0.000152399140891
2793,0.000149432513481
2794,0.000164104168231
2795,0.000165809114145
2796,0.000159863095169
2797,0.000166780887155
2798,0.000156637330103
2799,0.000157166918181
2800,0.000157984171436
2801,0.000159505434209
2802,0.000162326224333
2803,0.000162058484229
2804,0.000160367567889
2805,0.000165569651851
2806,0.000170870444208
2807,0.000165341532855
2808,0.000169880417588
2809,0.000160668339235
2810,0.00015902111964
2811,0.000172618362876
2812,0.000158823798467
2813,0.000157661457864
2814,0.00015384057321
2815,0.000170918357727
2816,0.00015768456958
2817,0.000164591570751
2818,0.000156017070324
2819,0.000155773967443
2820,0.000156495464664
2821,0.000137046285742
2822,0.000148615154031
2823,0.000159664639184
2824,0.000145022734114
2825,0.000139773144438
2826,0.000164776424
2827,0.000149839029157
2828,0.000147985916844
2829,0.000134401888927
2830,0.000150860947781
2831,0.000160301762539
2832,0.000159267572531
2833,0.000148144448753
2834,0.000130160838552
2835,0.000130771615928
2836,0.000140588217009
2837,0.000146663663182
2838,0.000132817018435
2839,0.00012803694835
2840,0.000137630663041
2841,0.000175764046714
2842,0.000144842757756
2843,0.000126488761466
2844,0.000145476728049
2845,0.000124089969626
2846,0.000116857023309
2847,0.000129328467036
2848,0.000169036620997
2849,0.000160155586112
2850,0.00014912584734
2851,0.000134942691231
2852,0.000133425926592
2853,0.000147765411134
2854,0.000220393895823
2855,0.000177560280131
2856,0.00022934103486
2857,0.000202065540691
2858,0.000170946157302
2859,0.000173744366953
2860,0.000151133874575
2861,0.000152322601699
2862,0.000144201078093
2863,0.000136297216811
2864,0.000200670150193
2865,0.000173464065181
2866,0.000179673479718
2867,0.000175485671387
2868,0.000161096159721
2869,0.000149825556411
2870,0.000146636214432
2871,0.000143531115133
2872,0.000142065768743
2873,0.000148314912529
2874,0.000127739534167
2875,0.000125224067778
2876,0.000120348052316
2877,0.000116096878095
2878,0.000145740864982
2879,0.000136128298773
2880,0.000159731778743
2881,0.000147203544214
2882,0.000145193523364
2883,0.000140975972984
2884,0.000138050767604
2885,0.000138699804363
2886,0.000136042575422
2887,0.000136077982778
2888,0.000159739131499
2889,0.000149393974263
2890,0.000142678986626
2891,0.000460165063213
2892,0.000315699687751
2893,0.000273279541232
2894,0.000257190561568
2895,0.000269628303565
2896,0.000228740972629
2897,0.000183665653664
2898,0.00019968494907
2899,0.000163198839753
2900,0.000147330955234
2901,0.000130328605848
2902,0.000119191920216
2903,0.000111000543237
2904,0.000119131107906
2905,0.000163005979987
2906,0.000161105850415
2907,0.000143694652677
2908,0.000219409132553
2909,0.000255544945125
2910,0.000194989218669
2911,0.000158909969481
2912,0.000181487573926
2913,0.000160395004445
2914,0.000170552989912
2915,0.000256743247478
2916,0.000244876913217
2917,0.000201519250453
2918,0.000170679521618
2919,0.000147966523126
2920,0.000151002663178
2921,0.000214643798285
2922,0.000181335075108
2923,0.000167744536184
2924,0.000155516759896
2925,0.000150214128447
2926,0.000139503067951
2927,0.000156251541077
2928,0.000144252417821
2929,0.000134980259281
2930,0.000143693059322
2931,0.000142849173042
2932,0.000162236725657
2933,0.000255093061304
2934,0.000188988206928
2935,0.000247737140267
2936,0.000248109182676
2937,0.000190925091394
2938,0.000165942324753
2939,0.000160232762861
2940,0.000170226138292
2941,0.000243314264725
2942,0.000249470112792
2943,0.000249086489859
2944,0.000248365275862
2945,0.000248260968539
2946,0.000187240265179
2947,0.000241169959479
2948,0.000237536054272
2949,0.000235149869485
2950,0.000250177615848
2951,0.000244420846974
2952,0.000251894898522
2953,0.000248933809771
2954,0.000239461404776
2955,0.000276746065846
2956,0.000282542463169
2957,0.000281547615326
2958,0.000290894300251
2959,0.000356794223974
2960,0.000290362826771
2961,0.000290005287153
2962,0.000268791986898
2963,0.000223812818102
2964,0.000211068060715
2965,0.000183437069147
2966,0.000172735046919
2967,0.000240375231025
2968,0.00027204011504
2969,0.000306012631333
2970,0.000281940392263
2971,0.000298172115531
2972,0.000300274286551
2973,0.000299543610082
2974,0.000309012742105
2975,0.000303191808328
2976,0.000304221832569
2977,0.000266414948157
2978,0.000303086862089
2979,0.00030319914402
2980,0.000302061509514
2981,0.000214525848184
2982,0.000308408592762
2983,0.000308147575042
2984,0.000244682704828
2985,0.000308230070518
2986,0.000308897376456
2987,0.000308313589195
2988,0.000307931212293
2989,0.00030768288285
2990,0.000306613914458
2991,0.000305683094693
2992,0.000307621233081
2993,0.000307913948549
2994,0.000307395168677
2995,0.000306078468125
2996,0.000308137639651
2997,0.000308298347453
2998,0.000308855188388
2999,0.000308155276901
3000,0.000304261988766
3001,0.000299006450114
3002,0.000294033592602
3003,0.00029156305547
3004,0.000289192158301
3005,0.000283078331055
3006,0.000280363079579
3007,0.000277797636029
3008,0.000275817030047
3009,0.000274395884859
3010,0.000269275446507
3011,0.000270815678082
3012,0.00026621328296
3013,0.000262827194649
3014,0.000258850278852
3015,0.000256609672352
3016,0.000258390227982
3017,0.00025443224149
3018,0.000250711275727
3019,0.000247652037585
3020,0.00015441785457
3021,0.000143592231844
3022,0.000133473758539
3023,0.000145701391517
3024,0.000237900093766
3025,0.000163080537517
3026,0.000155502866017
3027,0.000161377758082
3028,0.000235844327602
3029,0.000216526143461
3030,0.000234965259044
3031,0.000198057284879
3032,0.000231400668121
3033,0.000177571639752
3034,0.00017975174941
3035,0.000163736299759
3036,0.000170627380326
3037,0.000173968351113
3038,0.000160501644988
3039,0.000170026866213
3040,0.000186277915474
3041,0.000224853815388
3042,0.000252102676458
3043,0.000268034073843
3044,0.000262516966634
3045,0.000241399304177
3046,0.000199357736433
3047,0.000197011862493
3048,0.000190976840049
3049,0.000172685878328
3050,0.000161817321395
3051,0.000216089775724
3052,0.00026414860834
3053,0.000207585856834
3054,0.000246672247805
3055,0.000228716235402
3056,0.000185296466378
3057,0.000222728612927
3058,0.000210938566388
3059,0.000199427690898
3060,0.000200383858543
3061,0.000200642907789
3062,0.000194923815768
3063,0.000225041895816
3064,0.000235646465212
3065,0.00023190906166
3066,0.000225739771628
3067,0.000219787759832
3068,0.000223295754314
3069,0.000215760760764
3070,0.000221744167899
3071,0.000216732181542
3072,0.000217171766478
3073,0.000213542781493
3074,0.000207553410279
3075,0.000219253542526
3076,0.000214605070434
3077,0.000211187309266
3078,0.000205178013306
3079,0.000202212178258
3080,0.00019417967076
3081,0.000202635031273
3082,0.000198009791195
3083,0.000199816779899
3084,0.000206187958827
3085,0.000210175936472
3086,0.000197624211388
3087,0.000189280619694
3088,0.000173994934814
3089,0.000190313501451
3090,0.00018918357548
3091,0.000171371585638
3092,0.000210077230445
3093,0.000189535458973
3094,0.000228541873816
3095,0.000223425555972
3096,0.000214459159643
3097,0.000184468330627
3098,0.000179571285657
3099,0.000170354651752
3100,0.00016644488519
3101,0.000189646432392
3102,0.000196697509939
3103,0.000182712619764
3104,0.000193524196912
3105,0.000254801536335
3106,0.000189720878523
3107,0.000214633886556
3108,0.000191592342777
3109,0.000185762909053
3110,0.000169388859202
3111,0.000225228143337
3112,0.000184385528472
3113,0.000175845767303
3114,0.000179034843822
3115,0.000166854158403
3116,0.000163113964794
3117,0.000561248861002
3118,0.00056187040028
3119,0.000562515333747
3120,0.000561710016433
3121,0.000561511200707
3122,0.00056102317406
3123,0.000562119583129
3124,0.000561167649187
3125,0.000559921726432
3126,0.000558103224302
3127,0.000556393337675
3128,0.000554866213123
3129,0.000553194792703
3130,0.000553807436876
3131,0.000348835717097
3132,0.000347659925785
3133,0.000346352241643
3134,0.00034528004485
3135,0.000344430559656
3136,0.000343415296053
3137,0.000339025100943
3138,0.000542124785116
3139,0.000541318857997
3140,0.000540895614548
3141,0.000540744743492
3142,0.000539873025534
3143,0.00054293607366
3144,0.000542598272724
3145,0.000542795333301
3146,0.000542143148417
3147,0.000542256897991
3148,0.000541056452209
3149,0.000539592237636
3150,0.000341596680118
3151,0.000339487681064
3152,0.000335864739799
3153,0.000331872323058
3154,0.000328590816785
3155,0.000183355367835
3156,0.000328440275812
3157,0.000250135823883
3158,0.000232516692218
3159,0.000229545062277
3160,0.000327833401948
3161,0.000323144690699
3162,0.000205549349986
3163,0.000189102051451
3164,0.000184166964901
3165,0.000168309696829
3166,0.00016573316905
3167,0.000213820130849
3168,0.000230820991669
3169,0.000208481267957
3170,0.00018620986191
3171,0.000162108438609
3172,0.000127525239548
3173,0.000114137780863
3174,0.000102830391814
3175,0.00011452611307
3176,0.000103373864048
3177,9.16931386814356E-05
3178,8.20157077570136E-05
3179,7.85429763889044E-05
3180,9.89615338343093E-05
3181,0.000120655043751
3182,0.000111224799322
3183,0.000101350237686
3184,0.000123562034304
3185,0.000119120007159
3186,0.000106714983271
3187,9.75856099982142E-05
3188,0.000118084880448
3189,0.000107379776601
3190,9.70226315183794E-05
3191,9.97392229304034E-05
3192,0.000124881054997
3193,0.000116135307689
3194,0.000113494092874
3195,0.00013576035297
3196,0.000130865687647
3197,0.000125870189689
3198,0.000112740860475
3199,0.000105015845462
3200,0.000118379171431
3201,0.000135287831132
3202,0.000128790824546
3203,0.000116092750955
3204,0.000121946428692
3205,0.000146434666884
3206,0.000170506206449
3207,0.000166665094984
3208,0.000154927028426
3209,0.000150700875144
3210,0.000144320571116
3211,0.000134305607478
3212,0.000129156878322
3213,0.000118371196795
3214,0.000108509230065
3215,9.96631358679625E-05
3216,0.000111656406855
3217,0.000102227355804
3218,0.000142936453172
3219,0.000140269624714
3220,0.000134950544192
3221,0.000126127595933
3222,0.000137277485834
3223,0.000142467318231
3224,0.000134881990707
3225,0.000125934707407
3226,0.000148815861506
3227,0.000138109029116
3228,0.000153523528845
3229,0.000185140209711
3230,0.000173452261034
3231,0.000161255546675
3232,0.000157454064212
3233,0.000196524214658
3234,0.000204931530276
3235,0.000231313753952
3236,0.000221860635301
3237,0.000216049330837
3238,0.000213927879604
3239,0.000274409463871
3240,0.000277673660597
3241,0.000259418704072
3242,0.000251190395551
3243,0.000236280387765
3244,0.000223066674072
3245,0.000215619603877
3246,0.000203198871862
3247,0.000188839171133
3248,0.0002182166717
3249,0.000203906451895
3250,0.000260547759151
3251,0.000255416057605
3252,0.000264922848784
3253,0.000249047852833
3254,0.000274386030163
3255,0.00027374113199
3256,0.000253090365204
3257,0.000239409802812
3258,0.000263257359451
3259,0.000252769421064
3260,0.000232901879488
3261,0.000223916712493
3262,0.000242961787189
3263,0.000248187418361
3264,0.000233315139146
3265,0.000227330050549
3266,0.000218573879938
3267,0.000206385682711
3268,0.000219727083321
3269,0.000205187329971
3270,0.000213481432478
3271,0.000196397539832
3272,0.000181870905524
3273,0.000184412609981
3274,0.000169386905412
3275,0.000156508607031
3276,0.000145835930633
3277,0.000154901226722
3278,0.000160601961117
3279,0.000175344047394
3280,0.000160669628002
3281,0.000148722906229
3282,0.000146631028891
3283,0.000136981268342
3284,0.00022076631549
3285,0.000204463363088
3286,0.000252789864488
3287,0.000240896345788
3288,0.000227420137371
3289,0.000232152992401
3290,0.000296491171025
3291,0.000277207679719
3292,0.000307745547109
3293,0.000294053053395
3294,0.000288272135044
3295,0.000302234983711
3296,0.000288360368262
3297,0.000310708757377
3298,0.000296238778159
3299,0.000271139070803
3300,0.00024928098267
3301,0.000268534095761
3302,0.000247786357678
3303,0.000223115756869
3304,0.000277021888526
3305,0.000259804107694
3306,0.000291245657813
3307,0.000322322308733
3308,0.000297092574625
3309,0.000275058073021
3310,0.000256564771157
3311,0.000236744460894
3312,0.000279488408697
3313,0.000372331006846
3314,0.000340908236673
3315,0.000332239011777
3316,0.000405842757618
3317,0.000387155631188
3318,0.000410157627228
3319,0.000442665989962
3320,0.000503262917698
3321,0.000537528515907
3322,0.000537582314554
