,Volatility_Tin_True_train
2006-05-15,0.49983056976030293
2006-05-16,0.4997502337048063
2006-05-17,0.5046215951880292
2006-05-18,0.504588178068447
2006-05-19,0.5781279244633871
2006-05-22,0.647364368445952
2006-05-23,0.6561638382051759
2006-05-24,0.6564331999776327
2006-05-25,0.664571729981958
2006-05-26,0.658379137426002
2006-05-29,0.6355011870147999
2006-05-30,0.6637892575413558
2006-05-31,0.6702041623920318
2006-06-01,0.653640422929903
2006-06-02,0.655065587643914
2006-06-05,0.6490848098534253
2006-06-06,0.6499799643868184
2006-06-07,0.6531230563078222
2006-06-08,0.6653212773324897
2006-06-09,0.6649464920559313
2006-06-12,0.6584109070561778
2006-06-13,0.6538598348530397
2006-06-14,0.6513315974742955
2006-06-15,0.6444056782456407
2006-06-16,0.6531271914516976
2006-06-19,0.6660197034418144
2006-06-20,0.6575864895384292
2006-06-21,0.6699167842434751
2006-06-22,0.6650541728944529
2006-06-23,0.6491085611268586
2006-06-26,0.5413655229674897
2006-06-27,0.5416441774400979
2006-06-28,0.5329076795758646
2006-06-29,0.5329716020508257
2006-06-30,0.46749235505800535
2006-07-03,0.37682453659333537
2006-07-04,0.381822927319014
2006-07-05,0.3768322668525588
2006-07-06,0.35784403867342185
2006-07-07,0.3754685217747462
2006-07-10,0.3677417830189792
2006-07-11,0.33383855672997303
2006-07-12,0.3240410836457645
2006-07-13,0.3213214535833632
2006-07-14,0.3153828628152316
2006-07-17,0.330157199468204
2006-07-18,0.33840512687970004
2006-07-19,0.3263004734230598
2006-07-20,0.304754565339612
2006-07-21,0.260274848874221
2006-07-24,0.29941642441301214
2006-07-25,0.3422940435186715
2006-07-26,0.33866613835108406
2006-07-27,0.33985995170160294
2006-07-28,0.3318900033213935
2006-07-31,0.30094346397570115
2006-08-01,0.3028181095713946
2006-08-02,0.29546484261491024
2006-08-03,0.2953812879939751
2006-08-04,0.2947814489202148
2006-08-07,0.293173710645438
2006-08-08,0.3137043325801688
2006-08-09,0.32260543323711954
2006-08-10,0.32361561614911794
2006-08-11,0.3260326640214833
2006-08-14,0.34006345024429596
2006-08-16,0.32472060125969854
2006-08-17,0.3211225381089329
2006-08-18,0.3207540646181785
2006-08-21,0.30674184357753875
2006-08-22,0.3064722265611985
2006-08-23,0.3069682630612964
2006-08-24,0.30118445159106766
2006-08-25,0.30303183835094366
2006-08-28,0.3027143174285602
2006-08-29,0.29193728127004326
2006-08-30,0.2803129893119921
2006-08-31,0.31394846299203005
2006-09-01,0.3215320554321852
2006-09-04,0.32113799918932623
2006-09-05,0.28176793581101156
2006-09-06,0.23238093541233606
2006-09-07,0.23182692644587366
2006-09-08,0.22756385941615032
2006-09-11,0.2420077920816885
2006-09-12,0.2350362869825422
2006-09-13,0.22858942931606185
2006-09-14,0.22547626652453173
2006-09-15,0.2254634318907331
2006-09-18,0.2552927622482702
2006-09-19,0.27232204692781176
2006-09-20,0.2540315813932704
2006-09-21,0.24556454563869967
2006-09-22,0.25381664132523757
2006-09-25,0.2510253341727123
2006-09-26,0.23396848787539698
2006-09-27,0.23960237069989848
2006-09-28,0.24918220802426788
2006-09-29,0.24706243323309418
2006-10-03,0.25174409786912944
2006-10-04,0.28374443437516367
2006-10-05,0.2877989103820282
2006-10-06,0.2892504325484387
2006-10-09,0.28978885969607565
2006-10-10,0.2940685506401957
2006-10-11,0.2926009092274239
2006-10-12,0.3138747707186625
2006-10-13,0.3083835413263885
2006-10-16,0.30232484797780707
2006-10-17,0.31813833167975725
2006-10-18,0.412543895646597
2006-10-19,0.41623437070835867
2006-10-20,0.41593906086927535
2006-10-23,0.4415533754574633
2006-10-24,0.428415091205416
2006-10-25,0.4285168496547279
2006-10-26,0.42896366431400035
2006-10-27,0.4284004802047342
2006-10-30,0.4367871898506137
2006-10-31,0.4136160518721047
2006-11-01,0.4058809977931669
2006-11-02,0.4243896688465736
2006-11-03,0.44108844105871137
2006-11-06,0.43589679941546056
2006-11-07,0.43749420971944775
2006-11-08,0.4415216708389318
2006-11-09,0.4360409489010165
2006-11-10,0.42737689966989667
2006-11-13,0.43615240340214523
2006-11-14,0.43628237591718544
2006-11-15,0.44473212833490583
2006-11-16,0.4486867263223706
2006-11-17,0.4593961222484779
2006-11-20,0.46374938646165964
2006-11-21,0.46080407014304814
2006-11-22,0.45985195257219225
2006-11-23,0.4389536910604467
2006-11-24,0.4181566809056445
2006-11-27,0.4153404666624688
2006-11-28,0.4072422974900378
2006-11-29,0.31891560173280326
2006-11-30,0.3383489415682095
2006-12-01,0.33830529840698353
2006-12-04,0.30614350551032854
2006-12-05,0.30804308004970204
2006-12-06,0.30822336043511955
2006-12-07,0.3072335412194611
2006-12-08,0.32493045236643686
2006-12-11,0.33386382028490486
2006-12-12,0.36550291361767506
2006-12-13,0.36360207511197595
2006-12-14,0.33588119198455757
2006-12-15,0.32085490515124687
2006-12-18,0.3209594926355527
2006-12-19,0.31857631075611104
2006-12-20,0.3156801447426683
2006-12-21,0.3169257795687124
2006-12-22,0.3176223014209734
2006-12-26,0.30394149319539004
2006-12-27,0.30228390519845666
2006-12-28,0.26440891325600835
2006-12-29,0.25651434770444037
2007-01-01,0.22841718806121808
2007-01-02,0.25421980597216226
2007-01-03,0.3505349774697878
2007-01-04,0.35558790252486794
2007-01-05,0.3558185079183175
2007-01-08,0.3683490839209056
2007-01-09,0.39383686797571416
2007-01-10,0.42244715625873064
2007-01-11,0.4233143319199817
2007-01-12,0.4036875288262646
2007-01-15,0.40369101033754884
2007-01-16,0.40353890162332595
2007-01-17,0.4088204136361373
2007-01-18,0.4527554293602406
2007-01-19,0.4594253827657879
2007-01-22,0.45726979669358514
2007-01-23,0.46618298381422785
2007-01-24,0.4402264359017585
2007-01-25,0.4453199922654868
2007-01-29,0.4588075044668979
2007-01-30,0.4545389619073289
2007-01-31,0.45445002215259833
2007-02-01,0.4928636105010542
2007-02-02,0.49283203061827363
2007-02-05,0.4960742272582289
2007-02-06,0.508892668439237
2007-02-07,0.5093108111792803
2007-02-08,0.5002261806022072
2007-02-09,0.5076953295144303
2007-02-12,0.5184547391974429
2007-02-13,0.5188189324881001
2007-02-14,0.5089714712482332
2007-02-15,0.43944685913515735
2007-02-16,0.43466641166125897
2007-02-19,0.4344185135165235
2007-02-20,0.4080208807366441
2007-02-21,0.3702120178995111
2007-02-22,0.345206430202666
2007-02-23,0.38905687442924397
2007-02-26,0.378448845291397
2007-02-27,0.377389293413815
2007-02-28,0.3887188923886221
2007-03-01,0.38883393306380154
2007-03-02,0.3551834219551441
2007-03-05,0.35423990411456685
2007-03-06,0.34498621365632204
2007-03-07,0.32916985774625934
2007-03-08,0.32891760691854427
2007-03-09,0.32290439827474327
2007-03-12,0.30425231574488293
2007-03-13,0.30629806493225803
2007-03-14,0.3095042192182253
2007-03-15,0.25139940025705354
2007-03-16,0.2507217824551639
2007-03-19,0.24625893512974895
2007-03-20,0.23317934346043362
2007-03-21,0.2386965534056359
2007-03-22,0.2390135560959109
2007-03-23,0.22187647494294022
2007-03-26,0.2083533360317819
2007-03-27,0.21122032975945887
2007-03-28,0.20894632089255716
2007-03-29,0.37556960224092384
2007-03-30,0.38196079039478525
2007-04-02,0.38176851521915267
2007-04-03,0.3798976952396329
2007-04-04,0.3697576055824763
2007-04-05,0.3645440945369579
2007-04-06,0.3358357138665167
2007-04-09,0.3355419721815315
2007-04-10,0.3358091729823668
2007-04-11,0.3335184161761012
2007-04-12,0.33690521748725044
2007-04-13,0.3357102404904826
2007-04-16,0.33359213645733377
2007-04-17,0.3307044896754175
2007-04-18,0.323136452807932
2007-04-19,0.35304292010520444
2007-04-20,0.35420056075510487
2007-04-23,0.3595644201462115
2007-04-24,0.3641812039808846
2007-04-25,0.39391933481358155
2007-04-26,0.38766441723208667
2007-04-27,0.3857487954654871
2007-04-30,0.392096352902653
2007-05-01,0.41342227111176744
2007-05-02,0.415766464921542
2007-05-03,0.43368718138344864
2007-05-04,0.43884038341941833
2007-05-07,0.4386964838380166
2007-05-08,0.43243541127636576
2007-05-09,0.43691492504433915
2007-05-10,0.33180826411734
2007-05-11,0.33223676588980944
2007-05-14,0.3329819785732454
2007-05-15,0.3305136007217596
2007-05-16,0.32877871726844
2007-05-17,0.33295197789217146
2007-05-18,0.33445654607559516
2007-05-21,0.3397952431438432
2007-05-22,0.3376909419539859
2007-05-23,0.34805452686617827
2007-05-24,0.34990303492045305
2007-05-25,0.3557180944676238
2007-05-28,0.35580410335874724
2007-05-29,0.35791717991002847
2007-05-30,0.36265146148944705
2007-05-31,0.3334293575354746
2007-06-01,0.3340068667684418
2007-06-04,0.3274164088265237
2007-06-05,0.3240977683807082
2007-06-06,0.28484338530429787
2007-06-07,0.27558871764739296
2007-06-08,0.28177469847611614
2007-06-11,0.29387434855959593
2007-06-12,0.2729223368234633
2007-06-13,0.2754996274276109
2007-06-14,0.24823222683920348
2007-06-15,0.228921794641473
2007-06-18,0.23029086556532075
2007-06-19,0.23445943980841194
2007-06-20,0.2286916570875686
2007-06-21,0.18599056691791999
2007-06-22,0.17751366331229507
2007-06-25,0.18099828817880848
2007-06-26,0.1794568983485786
2007-06-27,0.18130407436232826
2007-06-28,0.17309126521858909
2007-06-29,0.16911904995937505
2007-07-02,0.16302186322035717
2007-07-03,0.17246333299711186
2007-07-04,0.15572132476845374
2007-07-05,0.15392283104321214
2007-07-06,0.15165182726996324
2007-07-09,0.1525921815613983
2007-07-10,0.14569207804531475
2007-07-11,0.13213062425959937
2007-07-12,0.13216707835409108
2007-07-13,0.12885295927228652
2007-07-16,0.12885221978714728
2007-07-17,0.12741225641892617
2007-07-18,0.18462242464571432
2007-07-19,0.28343543822429224
2007-07-20,0.2822707773320991
2007-07-23,0.26543516213455437
2007-07-24,0.262607784738547
2007-07-25,0.26110029300468407
2007-07-26,0.26128255794281224
2007-07-27,0.2674499682549239
2007-07-30,0.2698040658455044
2007-07-31,0.3307185585011182
2007-08-01,0.379310266898337
2007-08-02,0.3812901516330134
2007-08-03,0.36815494919691427
2007-08-06,0.3692606145099949
2007-08-07,0.3687763311739105
2007-08-08,0.3742987452911338
2007-08-09,0.3750952499049873
2007-08-10,0.4350444837609191
2007-08-13,0.4404887816493661
2007-08-14,0.46929886766502715
2007-08-16,0.5646247738288662
2007-08-17,0.5663179290393415
2007-08-20,0.6504610136282949
2007-08-21,0.683856057425106
2007-08-22,0.6862759038990275
2007-08-23,0.6931230056621659
2007-08-24,0.7016484202857742
2007-08-27,0.7016340678975629
2007-08-28,0.708069362159206
2007-08-29,0.7086709016547369
2007-08-30,0.6958214453404538
2007-08-31,0.6560766323113261
2007-09-03,0.656191662081817
2007-09-04,0.6836530657200841
2007-09-05,0.6827053722146723
2007-09-06,0.6840089483070643
2007-09-07,0.693375199999705
2007-09-10,0.6939398003012143
2007-09-11,0.7097778678399406
2007-09-12,0.6658669116845061
2007-09-13,0.642439939496294
2007-09-14,0.6377800326417327
2007-09-17,0.6355653574471618
2007-09-18,0.6428765065965566
2007-09-19,0.6401698661266033
2007-09-20,0.6276921593415582
2007-09-21,0.6290745247611824
2007-09-24,0.5968498682322165
2007-09-25,0.5960538274986332
2007-09-26,0.5716581207639115
2007-09-27,0.4728611044473561
2007-09-28,0.47145675997973713
2007-10-01,0.3584987283754
2007-10-03,0.3200223710652104
2007-10-04,0.31978505974040855
2007-10-05,0.31271126308762415
2007-10-08,0.3003178825609156
2007-10-09,0.3015306720821679
2007-10-10,0.2949755269572051
2007-10-11,0.29571302313956094
2007-10-12,0.2938790766765063
2007-10-15,0.27935032538791965
2007-10-16,0.27390738060037395
2007-10-17,0.2069918893327773
2007-10-18,0.2177192872682484
2007-10-19,0.22311793322201762
2007-10-22,0.21617762594716033
2007-10-23,0.1996162182385779
2007-10-24,0.1831912492423085
2007-10-25,0.18208810835983352
2007-10-26,0.1856646736006472
2007-10-29,0.18590308692122703
2007-10-30,0.1855951012195281
2007-10-31,0.18178523342960418
2007-11-01,0.19233968743119584
2007-11-02,0.18909515278622313
2007-11-05,0.1887565503956854
2007-11-06,0.19739521762931128
2007-11-07,0.20383268632604135
2007-11-08,0.20448595140285059
2007-11-09,0.20489711907991626
2007-11-12,0.20272992374726517
2007-11-13,0.20251640283223327
2007-11-14,0.17837927677870863
2007-11-15,0.1767007127677167
2007-11-16,0.17473643633286629
2007-11-19,0.176328059878341
2007-11-20,0.30797653221119653
2007-11-21,0.3017049187997346
2007-11-22,0.30287366505055846
2007-11-23,0.3126755619552996
2007-11-26,0.3117037250489829
2007-11-27,0.31330276683659286
2007-11-28,0.31329522007895405
2007-11-29,0.30792060917607883
2007-11-30,0.2971128876062661
2007-12-03,0.29660460078513046
2007-12-04,0.35317368227213686
2007-12-05,0.3406619792450688
2007-12-06,0.33944775749604666
2007-12-07,0.33757515746716993
2007-12-10,0.3353599727270959
2007-12-11,0.32912616634364883
2007-12-12,0.3276556273183335
2007-12-13,0.3233795510744324
2007-12-14,0.33627360225921943
2007-12-17,0.3359111961395147
2007-12-18,0.32736691245348437
2007-12-19,0.3336317054296625
2007-12-20,0.34320612349511576
2007-12-21,0.34211603870422286
2007-12-24,0.3397698010010004
2007-12-26,0.3395578023555904
2007-12-27,0.3400364750311936
2007-12-28,0.3447546598523434
2007-12-31,0.3396543059575372
2008-01-01,0.33692620929551503
2008-01-02,0.23595305119256316
2008-01-03,0.2472139712411628
2008-01-04,0.24642063523192098
2008-01-07,0.2385167181464828
2008-01-08,0.243224471785831
2008-01-09,0.24105376629887626
2008-01-10,0.24981413523169815
2008-01-11,0.24468486998248884
2008-01-14,0.24862262955572606
2008-01-15,0.24794912387738083
2008-01-16,0.17630937690615034
2008-01-17,0.18708870759112722
2008-01-18,0.18763647815925738
2008-01-21,0.18324823215525166
2008-01-22,0.19820679654139217
2008-01-23,0.21077143809837523
2008-01-24,0.2125414691380509
2008-01-25,0.21957984397888175
2008-01-28,0.20105661251640916
2008-01-29,0.21044802837644877
2008-01-30,0.20758032785942215
2008-01-31,0.20097675647006596
2008-02-01,0.1896837241965471
2008-02-04,0.19023987323460417
2008-02-05,0.19422288652606717
2008-02-06,0.19690688593694655
2008-02-07,0.19476342773647343
2008-02-08,0.19543269983769684
2008-02-11,0.19450239962091248
2008-02-12,0.19505281376702233
2008-02-13,0.17996096830181602
2008-02-14,0.168310881837973
2008-02-15,0.17402139438140363
2008-02-18,0.1513882785137362
2008-02-19,0.14672304741747877
2008-02-20,0.15085377895043012
2008-02-21,0.1505496775307324
2008-02-22,0.1552810902516637
2008-02-25,0.15669965458634388
2008-02-26,0.1467489068769683
2008-02-27,0.14298072499826703
2008-02-28,0.16596929018657358
2008-02-29,0.173306219335225
2008-03-03,0.17400811990583193
2008-03-04,0.15994132277324546
2008-03-05,0.1764441276528914
2008-03-06,0.1829972726735114
2008-03-07,0.1637154876110174
2008-03-10,0.17615159908039402
2008-03-11,0.17113508501367264
2008-03-12,0.17355771563464778
2008-03-13,0.20629848971579529
2008-03-14,0.2597064972878728
2008-03-17,0.2628214824758025
2008-03-18,0.25216961930446785
2008-03-19,0.2613452207317713
2008-03-20,0.35865116841495714
2008-03-24,0.358619835539862
2008-03-25,0.3604392049327759
2008-03-26,0.36120657384657573
2008-03-27,0.3580407593210784
2008-03-28,0.35765684884748083
2008-03-31,0.3523580022980618
2008-04-01,0.38001705494719273
2008-04-02,0.3841315910096008
2008-04-03,0.38446197548529903
2008-04-04,0.37697324311495894
2008-04-07,0.38285926817636295
2008-04-08,0.38334430892336546
2008-04-09,0.38346264944531583
2008-04-10,0.38648752620266535
2008-04-11,0.37451742843421465
2008-04-14,0.369864480847233
2008-04-15,0.370109735428895
2008-04-16,0.36371556193841326
2008-04-17,0.35452666068401406
2008-04-18,0.35165669931024346
2008-04-21,0.3520451175500996
2008-04-22,0.34728697253093893
2008-04-23,0.4138038521550761
2008-04-24,0.4242650708860637
2008-04-25,0.4110650725652951
2008-04-28,0.3697845665287395
2008-04-29,0.36448249611931294
2008-04-30,0.3705453877332211
2008-05-01,0.38242936469865063
2008-05-02,0.2954624031951283
2008-05-05,0.29193807091382507
2008-05-06,0.28978246057028184
2008-05-07,0.29135307929765997
2008-05-08,0.29245236876051817
2008-05-09,0.2980418420684543
2008-05-12,0.3029154181676123
2008-05-13,0.2932313483026928
2008-05-14,0.2908309432841665
2008-05-15,0.286787959660498
2008-05-16,0.29321992816729975
2008-05-19,0.3573705471536127
2008-05-20,0.36734660250427353
2008-05-21,0.3708766667856783
2008-05-22,0.3705682403077416
2008-05-23,0.41069470259213925
2008-05-26,0.4116635582464224
2008-05-27,0.4190938348808393
2008-05-28,0.4304988424901045
2008-05-29,0.4979537386377094
2008-05-30,0.6020882356613553
2008-06-02,0.6203547989782623
2008-06-03,0.6589618010369388
2008-06-04,0.6053652030478242
2008-06-05,0.6569784598200311
2008-06-06,0.6558339041463058
2008-06-09,0.65742506493268
2008-06-10,0.6564405886671837
2008-06-11,0.6896689955037413
2008-06-12,0.6833810262253401
2008-06-13,0.6848758136246474
2008-06-16,0.6909442631876244
2008-06-17,0.6906051975218686
2008-06-18,0.6963731954364333
2008-06-19,0.6942680061903389
2008-06-20,0.6960877571632064
2008-06-23,0.6898871668400728
2008-06-24,0.664273015161279
2008-06-25,0.6697329113271492
2008-06-26,0.6653346604666398
2008-06-27,0.6685564176318922
2008-06-30,0.642606667792954
2008-07-01,0.6432211235889965
2008-07-02,0.6384100128133261
2008-07-03,0.6450983515405332
2008-07-04,0.6335884173879626
2008-07-07,0.653264325636666
2008-07-08,0.6426292703279507
2008-07-09,0.6379381600395222
2008-07-10,0.591026662110516
2008-07-11,0.48560519837264093
2008-07-14,0.45848742002329035
2008-07-15,0.4254688984914793
2008-07-16,0.4592261509545543
2008-07-17,0.3754670124203525
2008-07-18,0.37706662574530003
2008-07-21,0.37545922851456714
2008-07-22,0.37654984032728256
2008-07-23,0.31661322179244733
2008-07-24,0.3447816012170528
2008-07-25,0.3523047244552304
2008-07-28,0.34347002830246015
2008-07-29,0.34290878365157657
2008-07-30,0.32894460165662753
2008-07-31,0.3308036931161078
2008-08-01,0.3167757050146486
2008-08-04,0.3390927559668118
2008-08-05,0.37608817648022097
2008-08-06,0.3825927411844845
2008-08-07,0.3844765354159295
2008-08-08,0.3838262660306885
2008-08-11,0.3962010011592473
2008-08-12,0.38802678114426026
2008-08-13,0.38423102385086483
2008-08-14,0.38798275701150897
2008-08-18,0.4084153447402036
2008-08-19,0.3944672773124239
2008-08-20,0.40389999908750107
2008-08-21,0.4081644697631662
2008-08-22,0.4134862931177018
2008-08-25,0.4191040390518628
2008-08-26,0.41166969704992595
2008-08-27,0.3843833042708411
2008-08-28,0.36986983518190053
2008-08-29,0.3666273339563213
2008-09-01,0.369432254590913
2008-09-02,0.3705513247665797
2008-09-03,0.3718233542200031
2008-09-04,0.3844096597479475
2008-09-05,0.40949799346102445
2008-09-08,0.40584798398568267
2008-09-09,0.41438162269081225
2008-09-10,0.4258016643859429
2008-09-11,0.4655972290212439
2008-09-12,0.4702871127641215
2008-09-15,0.4767858043946869
2008-09-16,0.45007193588497074
2008-09-17,0.4084550259750944
2008-09-18,0.4769649771751362
2008-09-19,0.47336191026839447
2008-09-22,0.46591431698156494
2008-09-23,0.4483265715105824
2008-09-24,0.44306575674610627
2008-09-25,0.44357634996385975
2008-09-26,0.4629081996907525
2008-09-29,0.44517537831883014
2008-09-30,0.4581061663456898
2008-10-01,0.47012302886469404
2008-10-03,0.4993645555406988
2008-10-06,0.4933183098658125
2008-10-07,0.48831559552838055
2008-10-08,0.5053517126330717
2008-10-09,0.5213365386230531
2008-10-10,0.6202708182664152
2008-10-13,0.6380767190072081
2008-10-14,0.6586630068518138
2008-10-15,0.6796270658203498
2008-10-16,0.6749604053990775
2008-10-17,0.6836957228234796
2008-10-20,0.664452943656033
2008-10-21,0.6728002640192251
2008-10-22,0.6583105146334569
2008-10-23,0.6550664878386047
2008-10-24,0.6132911028670224
2008-10-27,0.6387000799943802
2008-10-28,0.6817556679126542
2008-10-29,0.6857330689506745
2008-10-30,0.7123858620475074
2008-10-31,0.6684555670427412
2008-11-03,0.669466775216359
2008-11-04,0.717802826289853
2008-11-05,0.7185134845014256
2008-11-06,0.7186772184092733
2008-11-07,0.718986457995512
2008-11-10,0.6977883815484726
2008-11-11,0.6988541993799354
2008-11-12,0.6846387999191105
2008-11-13,0.6682728719504196
2008-11-14,0.6534212621382461
2008-11-17,0.6627252027813706
2008-11-18,0.711723889417536
2008-11-19,0.70120063204995
2008-11-20,0.6902274999128565
2008-11-21,0.5863278763285588
2008-11-24,0.5844067081833636
2008-11-25,0.5714580553137499
2008-11-26,0.5414577767383392
2008-11-28,0.607338908750147
2008-12-01,0.6099053078793734
2008-12-02,0.6459053892275627
2008-12-03,0.6282859605670106
2008-12-04,0.6673122296754599
2008-12-05,0.6635430982943356
2008-12-08,0.6657775316694257
2008-12-09,0.6547292722991197
2008-12-10,0.6248872507460985
2008-12-11,0.6256260853578767
2008-12-12,0.649347416809344
2008-12-15,0.6489186388535502
2008-12-16,0.6564251381497849
2008-12-17,0.6040343338914096
2008-12-18,0.6041619796355995
2008-12-19,0.6093453637504891
2008-12-22,0.6088864646867927
2008-12-23,0.6118990797572883
2008-12-24,0.6455979129499396
2008-12-26,0.7358540537390964
2008-12-29,0.7354672969343548
2008-12-30,0.7267241343724586
2008-12-31,0.7427797900796699
2009-01-01,0.7021214430172368
2009-01-02,0.9056120017006726
2009-01-05,0.9073334961756747
2009-01-06,0.9699955955204076
2009-01-07,0.9659592764155407
2009-01-08,0.9971828438714281
2009-01-09,1.0
2009-01-12,0.9648381491792346
2009-01-13,0.9395879746480826
2009-01-14,0.9190593122035642
2009-01-15,0.9292452932627033
2009-01-16,0.9062098906287541
2009-01-19,0.9272183850843774
2009-01-20,0.9273645021001033
2009-01-21,0.9455692799396427
2009-01-22,0.9433620758902532
2009-01-23,0.9480749413488503
2009-01-27,0.9418295102092373
2009-01-28,0.9476995857174433
2009-01-29,0.9713067480102571
2009-01-30,0.9589444217601333
2009-02-02,0.9632269269381866
2009-02-03,0.9455535062623679
2009-02-04,0.9688259627240798
2009-02-05,0.9621858751570065
2009-02-06,0.9157587154875826
2009-02-09,0.8729112365475182
2009-02-10,0.8754994620995418
2009-02-11,0.875471238637749
2009-02-12,0.8686970229835846
2009-02-13,0.8711326880741552
2009-02-16,0.6944805670451262
2009-02-17,0.687660092285721
2009-02-18,0.6020215151940496
2009-02-19,0.609159646488945
2009-02-20,0.5620756712393314
2009-02-23,0.557926434309223
2009-02-24,0.5675762178486765
2009-02-25,0.5899907143950709
2009-02-26,0.5911872277168138
2009-02-27,0.5732763370217656
2009-03-02,0.5796699001171013
2009-03-03,0.5515246012199396
2009-03-04,0.5531206131587381
2009-03-05,0.5545931016077306
2009-03-06,0.5562171585595117
2009-03-09,0.541922155452111
2009-03-10,0.4949928792882071
2009-03-11,0.486354269923573
2009-03-12,0.42036289048495123
2009-03-13,0.4290182420897307
2009-03-16,0.4298620176355874
2009-03-17,0.42736688510925913
2009-03-18,0.4047407217636665
2009-03-19,0.4517346977753808
2009-03-20,0.47227603454344447
2009-03-23,0.4820793151207792
2009-03-24,0.49378114372383075
2009-03-25,0.4933771493838196
2009-03-26,0.49340065140849576
2009-03-27,0.4870288560469762
2009-03-30,0.48733084483559963
2009-03-31,0.48842649825732665
2009-04-01,0.49756073388788735
2009-04-02,0.4993569626301293
2009-04-03,0.4836256523500021
2009-04-06,0.48373833773006225
2009-04-07,0.4717704658756974
2009-04-08,0.45189475951916425
2009-04-09,0.4491376567584313
2009-04-13,0.44628837463265725
2009-04-14,0.4316347678158966
2009-04-15,0.4548439180017916
2009-04-16,0.4519186628178474
2009-04-17,0.4709349697636922
2009-04-20,0.47650377299611346
2009-04-21,0.4975757949446338
2009-04-22,0.5273576325509263
2009-04-23,0.5323326368158022
2009-04-24,0.5348094425307971
2009-04-27,0.5377742896545263
2009-04-28,0.528315886113192
2009-04-29,0.5226044233002105
2009-05-01,0.5078985232144291
2009-05-04,0.47736403060178845
2009-05-05,0.45797270091489717
2009-05-06,0.4884412616888667
2009-05-07,0.48986172491297664
2009-05-08,0.4880811489515431
2009-05-11,0.5297224648036574
2009-05-12,0.5476734265856534
2009-05-13,0.5878518364027713
2009-05-14,0.5954654480851882
2009-05-15,0.5924659299626066
2009-05-18,0.6133552839706397
2009-05-19,0.6082856954093445
2009-05-20,0.6082868300972972
2009-05-21,0.6156239382535634
2009-05-22,0.613016735316389
2009-05-25,0.61160159631298
2009-05-26,0.6113924643290463
2009-05-27,0.6112630691772565
2009-05-28,0.5979479044245504
2009-05-29,0.6102269735004048
2009-06-01,0.5727099490947245
2009-06-02,0.5677133927023672
2009-06-03,0.5453921851726989
2009-06-04,0.5191107486449873
2009-06-05,0.5110143591446638
2009-06-08,0.5063223724845284
2009-06-09,0.5122396476665906
2009-06-10,0.5261289297311913
2009-06-11,0.5263058185687738
2009-06-12,0.505942060913039
2009-06-15,0.5111216384405486
2009-06-16,0.5098216358242444
2009-06-17,0.47671188275174947
2009-06-18,0.437408659687206
2009-06-19,0.43115326053822267
2009-06-22,0.4078844077802256
2009-06-23,0.3588849303462889
2009-06-24,0.316897791037091
2009-06-25,0.3120038767456873
2009-06-26,0.3130188818867203
2009-06-29,0.2870026011893939
2009-06-30,0.286604612182926
2009-07-01,0.3136360803534439
2009-07-02,0.29218151220848537
2009-07-03,0.2875751863289106
2009-07-06,0.29109176518778906
2009-07-07,0.29883678361290716
2009-07-08,0.30609511763979436
2009-07-09,0.3826182353694091
2009-07-10,0.47469796607712234
2009-07-13,0.48135500588486146
2009-07-14,0.4957484381443684
2009-07-15,0.5049270232669526
2009-07-16,0.5063171954182619
2009-07-17,0.5054247938003821
2009-07-20,0.5357175567717535
2009-07-21,0.5243310354051673
2009-07-22,0.49145550430344886
2009-07-23,0.49679560814385404
2009-07-24,0.5229251812842237
2009-07-27,0.5204438937172182
2009-07-28,0.5243578997137963
2009-07-29,0.5273019405596108
2009-07-30,0.5340652082897769
2009-07-31,0.5384511017631174
2009-08-03,0.5415058657631902
2009-08-04,0.5846201929641328
2009-08-05,0.6133361015262312
2009-08-06,0.6182551723686844
2009-08-07,0.6559680886847508
2009-08-10,0.661155557150426
2009-08-11,0.6650523517441922
2009-08-12,0.6514486276750894
2009-08-13,0.6782816740323814
2009-08-14,0.6788985862411225
2009-08-17,0.7248034175964644
2009-08-18,0.7267938211460713
2009-08-19,0.7734547862024077
2009-08-20,0.7488234782385869
2009-08-21,0.6606012118527956
2009-08-24,0.6563038116223736
2009-08-25,0.6525271858624551
2009-08-26,0.6611063192291802
2009-08-27,0.6578099497291485
2009-08-28,0.6576506921983823
2009-08-31,0.637118921582791
2009-09-01,0.6338261983506444
2009-09-02,0.6326979945518282
2009-09-03,0.6505236170630287
2009-09-04,0.630301629727843
2009-09-07,0.6305205575037767
2009-09-08,0.6229919731470637
2009-09-09,0.6268094440052807
2009-09-10,0.6223985329546926
2009-09-11,0.6287174393183391
2009-09-14,0.6200546117614267
2009-09-15,0.5786160786286406
2009-09-16,0.5509424657482417
2009-09-17,0.5440940331725509
2009-09-18,0.5015385332426328
2009-09-21,0.4974362392899182
2009-09-22,0.5283626652565855
2009-09-23,0.5377131436171906
2009-09-24,0.5029136096690279
2009-09-25,0.517277771999772
2009-09-28,0.4590332925181734
2009-09-29,0.4545277654815091
2009-09-30,0.3728382621183588
2009-10-01,0.33297051174867226
2009-10-05,0.36438935800567374
2009-10-06,0.3505271796618973
2009-10-07,0.35108084304839526
2009-10-08,0.33523960010008974
2009-10-09,0.338306854906571
2009-10-12,0.3405260193954367
2009-10-13,0.3459707920837168
2009-10-14,0.3667351757978552
2009-10-15,0.36998557843688507
2009-10-16,0.3635757614553937
2009-10-19,0.3656976809385559
2009-10-20,0.3714311224984881
2009-10-21,0.37323896952676816
2009-10-22,0.35539520933081836
2009-10-23,0.3777983954375803
2009-10-26,0.37776556321786836
2009-10-27,0.3788622692683754
2009-10-28,0.41403650408924897
2009-10-29,0.4869510809831177
2009-10-30,0.48682786621846397
2009-11-02,0.4871182731465319
2009-11-03,0.47995894745297163
2009-11-04,0.4389694581527537
2009-11-05,0.4357386506786255
2009-11-06,0.4340792354573564
2009-11-09,0.42188139671010205
2009-11-10,0.4225972853546278
2009-11-11,0.41764597314756347
2009-11-12,0.41772561189990365
2009-11-13,0.4175245185506836
2009-11-16,0.38556684801920915
2009-11-17,0.3877668904645969
2009-11-18,0.38649476353745194
2009-11-19,0.38688880708053597
2009-11-20,0.38656421655842355
2009-11-23,0.3827916257025339
2009-11-24,0.38397910750089226
2009-11-25,0.3610306967947705
2009-11-26,0.3562907761944937
2009-11-27,0.3312256248507529
2009-11-30,0.34093985367897844
2009-12-01,0.34582886104412713
2009-12-02,0.3416208101017752
2009-12-03,0.3403057438689972
2009-12-04,0.32529678306452264
2009-12-07,0.31812215715318765
2009-12-08,0.3150341882393925
2009-12-09,0.2676383082184033
2009-12-10,0.14588198591277152
2009-12-11,0.1488994309164639
2009-12-14,0.1403857069172253
2009-12-15,0.1397287227645972
2009-12-16,0.13920392131345477
2009-12-17,0.13308652155869827
2009-12-18,0.14035344894246382
2009-12-21,0.13248511900988408
2009-12-22,0.1294749546465367
2009-12-23,0.12866798700934878
2009-12-24,0.1429598150775122
2009-12-28,0.13818596171269049
2009-12-29,0.15493063618889913
2009-12-30,0.155397343662541
2009-12-31,0.15722149835521604
2010-01-01,0.15693163358346218
2010-01-04,0.19686117017384652
2010-01-05,0.20333240543231568
2010-01-06,0.19849725838926158
2010-01-07,0.18138513472155132
2010-01-08,0.19976208102765686
2010-01-11,0.2031241499086786
2010-01-12,0.17978775984755452
2010-01-13,0.17047594803653376
2010-01-14,0.1819373756866322
2010-01-15,0.18366288123755792
2010-01-18,0.17208261752452003
2010-01-19,0.18720509694999665
2010-01-20,0.19847171550309584
2010-01-21,0.19992744528537537
2010-01-22,0.2022032258296006
2010-01-25,0.2016057000127024
2010-01-27,0.2037654030500366
2010-01-28,0.21895460519046145
2010-01-29,0.2639019753631222
2010-02-01,0.3712549222745407
2010-02-02,0.37040419706696603
2010-02-03,0.37038656188164754
2010-02-04,0.37032966890842167
2010-02-05,0.42763813623863867
2010-02-08,0.45293969588034777
2010-02-09,0.47985193503989854
2010-02-10,0.4824950901568602
2010-02-11,0.47881577252718044
2010-02-12,0.48031727317725337
2010-02-15,0.4862785266247782
2010-02-16,0.45481845410309485
2010-02-17,0.4541070103407513
2010-02-18,0.4539323687521749
2010-02-19,0.4616686036818397
2010-02-22,0.45580448966771514
2010-02-23,0.4510906080404218
2010-02-24,0.4563234960901523
2010-02-25,0.4595112285580195
2010-02-26,0.4488463801740107
2010-03-01,0.4640811314257236
2010-03-02,0.46469096338781646
2010-03-03,0.4612199340004456
2010-03-04,0.45745943733388084
2010-03-05,0.4587676286820982
2010-03-08,0.4576226197717933
2010-03-09,0.4616786663976751
2010-03-10,0.46702095263026866
2010-03-11,0.46426420694643644
2010-03-12,0.44190906578324296
2010-03-15,0.3514433598863772
2010-03-16,0.34713154420007064
2010-03-17,0.3445976242865859
2010-03-18,0.34634002674885517
2010-03-19,0.2722392619824354
2010-03-22,0.20276513647325156
2010-03-23,0.16977623940940068
2010-03-24,0.1634892769496898
2010-03-25,0.17204700984929122
2010-03-26,0.17121539442132216
2010-03-29,0.16325155893855664
2010-03-30,0.18481220117085329
2010-03-31,0.18572443182260762
2010-04-01,0.19445003498595448
2010-04-05,0.20988119150106882
2010-04-06,0.21540651400763866
2010-04-07,0.2161788958121612
2010-04-08,0.20701455906541277
2010-04-09,0.20595931843614235
2010-04-12,0.1981809649796777
2010-04-13,0.17964456252374328
2010-04-14,0.17478904928455885
2010-04-15,0.17266773055460438
2010-04-16,0.17606371376006313
2010-04-19,0.19051636847412712
2010-04-20,0.20578715963047056
2010-04-21,0.20412434523164763
2010-04-22,0.1929628789127018
2010-04-23,0.1894480549210169
2010-04-26,0.18941933588292897
2010-04-27,0.19399896952549656
2010-04-28,0.23923522144917908
2010-04-29,0.24812770493896302
2010-04-30,0.26060101397464414
2010-05-03,0.2604904906283581
2010-05-04,0.2603747342612768
2010-05-05,0.2678833862480989
2010-05-06,0.26072015856519093
2010-05-07,0.25225037932099303
2010-05-10,0.2545779506811771
2010-05-11,0.2759175073002016
2010-05-12,0.2753196684958208
2010-05-13,0.2808942957216635
2010-05-14,0.2689514650863535
2010-05-17,0.26901227860960664
2010-05-18,0.2691502030531405
2010-05-19,0.2737469260937768
2010-05-20,0.27756550483369896
2010-05-21,0.2811630072231012
2010-05-24,0.2944927951620771
2010-05-25,0.29343636393801514
2010-05-26,0.3095872834494935
2010-05-27,0.3095705166690689
2010-05-28,0.29531687997752415
2010-05-31,0.2832317386413716
2010-06-01,0.30212426559240807
2010-06-02,0.2976031834380844
2010-06-03,0.29762082532436424
2010-06-04,0.30115330164648024
2010-06-07,0.37199392360458783
2010-06-08,0.37322508938029575
2010-06-09,0.36272048259168854
2010-06-10,0.35525935468075587
2010-06-11,0.3538890210741258
2010-06-14,0.3538866884222954
2010-06-15,0.35860828540146095
2010-06-16,0.36988118521441515
2010-06-17,0.37718871269062604
2010-06-18,0.37711640620528064
2010-06-21,0.3845757752797775
2010-06-22,0.3659949037941562
2010-06-23,0.3504376217091787
2010-06-24,0.34195165653704485
2010-06-25,0.3465987286050922
2010-06-28,0.3372694104900867
2010-06-29,0.3380536118777015
2010-06-30,0.3371003327512416
2010-07-01,0.3306099695932721
2010-07-02,0.32983153478326294
2010-07-05,0.3167351634417161
2010-07-06,0.32152739377403905
2010-07-07,0.3130516587410847
2010-07-08,0.3131301796465076
2010-07-09,0.31312008763384314
2010-07-12,0.31327145207679563
2010-07-13,0.27936781061248295
2010-07-14,0.2931181101629376
2010-07-15,0.2934218262473811
2010-07-16,0.2901260695449733
2010-07-19,0.18435026149456069
2010-07-20,0.1741625156134486
2010-07-21,0.1744917526661885
2010-07-22,0.1749323446464059
2010-07-23,0.167665213478571
2010-07-26,0.19073587980511014
2010-07-27,0.18972393938951987
2010-07-28,0.17518512056163615
2010-07-29,0.15462489341054142
2010-07-30,0.1565261807181395
2010-08-02,0.1462955767518177
2010-08-03,0.1473126348532488
2010-08-04,0.14731349577349856
2010-08-05,0.19555079470589698
2010-08-06,0.19104235876346953
2010-08-09,0.2174191480432367
2010-08-10,0.2652385129485694
2010-08-11,0.25848036719641687
2010-08-12,0.2581192903467231
2010-08-13,0.2556714901933583
2010-08-16,0.25345258111193064
2010-08-17,0.2916964321664614
2010-08-18,0.3021075541782552
2010-08-19,0.3001863418488402
2010-08-20,0.33970641884981007
2010-08-23,0.34147451449066013
2010-08-24,0.34188149846436167
2010-08-25,0.34046900857879975
2010-08-26,0.3554335142263463
2010-08-27,0.35783587552500606
2010-08-30,0.35874873203030166
2010-08-31,0.35894537641756175
2010-09-01,0.35236751846663616
2010-09-02,0.3521555429669778
2010-09-03,0.3559149239292091
2010-09-06,0.34286704424072123
2010-09-07,0.352965519925009
2010-09-08,0.34980887138345323
2010-09-09,0.3702621922679652
2010-09-10,0.36897700207761497
2010-09-13,0.36861070303976995
2010-09-14,0.3685738894447482
2010-09-15,0.38443210747138645
2010-09-16,0.35935151342536187
2010-09-17,0.36083480119460665
2010-09-20,0.34473986468746304
2010-09-21,0.3057372394716018
2010-09-22,0.3091112161995843
2010-09-23,0.31759638800235207
2010-09-24,0.3125007362906546
2010-09-27,0.3155792338890662
2010-09-28,0.27158432751434514
2010-09-29,0.28082069447479885
2010-09-30,0.2827448836314335
2010-10-01,0.24251105213882684
2010-10-04,0.24903121369021863
2010-10-05,0.2819238911683696
2010-10-06,0.2747592190210554
2010-10-07,0.2601535696294105
2010-10-08,0.26231835155414424
2010-10-11,0.2632464089782749
2010-10-12,0.2677015941390189
2010-10-13,0.26727795944723853
2010-10-14,0.2761046660255471
2010-10-15,0.30885215021921775
2010-10-18,0.3085398293926655
2010-10-19,0.2908076817188482
2010-10-20,0.2976115248519179
2010-10-21,0.2829118177508936
2010-10-22,0.2956641879704962
2010-10-25,0.2973143053716994
2010-10-26,0.30133743370208715
2010-10-27,0.2847547956506204
2010-10-28,0.2792811283763988
2010-10-29,0.30837233658075514
2010-11-01,0.3075547123148943
2010-11-02,0.3037260793011933
2010-11-03,0.2994290532730601
2010-11-04,0.30749548048277614
2010-11-05,0.30954929705822837
2010-11-08,0.3073161738886048
2010-11-09,0.3364160199230722
2010-11-10,0.32820868594380054
2010-11-11,0.32676348874491845
2010-11-12,0.32537597086014286
2010-11-15,0.3559426597287725
2010-11-16,0.3210205609060191
2010-11-17,0.3401637158610403
2010-11-18,0.40013843729386234
2010-11-19,0.395909934893208
2010-11-22,0.392008860186288
2010-11-23,0.4236318894652651
2010-11-24,0.4331142717336689
2010-11-25,0.4180967058563866
2010-11-26,0.401177686953039
2010-11-29,0.4070758308388548
2010-11-30,0.4063039783341563
2010-12-01,0.43116623711041047
2010-12-02,0.4225939093556119
2010-12-03,0.4182634977729568
2010-12-06,0.4142581171061853
2010-12-07,0.4315303565982004
2010-12-08,0.43699383722876683
2010-12-09,0.4386086127733515
2010-12-10,0.4249571433599141
2010-12-13,0.42549014642110317
2010-12-14,0.4255023419852755
2010-12-15,0.4246358801059149
2010-12-16,0.41044853635714407
2010-12-17,0.40958156237055654
2010-12-20,0.409461366067265
2010-12-21,0.3747815890998556
2010-12-22,0.38008887791335166
2010-12-23,0.38141386636770336
2010-12-24,0.3841044253142667
2010-12-27,0.3518255222547366
2010-12-28,0.3443379779330451
2010-12-29,0.3104581995571274
2010-12-30,0.26718227563492813
2010-12-31,0.26395289086256735
2011-01-03,0.26354414787872105
2011-01-04,0.19110461970604287
2011-01-05,0.2278817177100128
2011-01-06,0.24164722397206384
2011-01-07,0.2450818599491411
2011-01-10,0.24288395933286416
2011-01-11,0.248463427236786
2011-01-12,0.21724803467763948
2011-01-13,0.21700930840004445
2011-01-14,0.21532966427205757
2011-01-17,0.22024893608796797
2011-01-18,0.19669732245795846
2011-01-19,0.18320360771778543
2011-01-20,0.18166814118720603
2011-01-21,0.1843300229367667
2011-01-24,0.17490460818233816
2011-01-25,0.18218118567981728
2011-01-27,0.2202751468041858
2011-01-28,0.23700202032056467
2011-01-31,0.23800258830443
2011-02-01,0.2421467863441928
2011-02-02,0.2436214892727469
2011-02-03,0.2379531295075149
2011-02-04,0.23326659590025434
2011-02-07,0.23283683246682568
2011-02-08,0.23602250338776887
2011-02-09,0.23513724191057728
2011-02-10,0.23682793858468476
2011-02-11,0.21108783646743706
2011-02-14,0.22154803445664317
2011-02-15,0.22027850510339253
2011-02-16,0.22348936605079295
2011-02-17,0.16625854002911156
2011-02-18,0.20060127652903081
2011-02-21,0.19427835187684872
2011-02-22,0.2107934288818754
2011-02-23,0.21162794170024485
2011-02-24,0.21775982651254316
2011-02-25,0.227057483062379
2011-02-28,0.2251359315167233
2011-03-01,0.22283479124907912
2011-03-02,0.23293113376549313
2011-03-03,0.2438681873077504
2011-03-04,0.24443448686428726
2011-03-07,0.23518733220179716
2011-03-08,0.3057496442715167
2011-03-09,0.30309530689378544
2011-03-10,0.2948917323491291
2011-03-11,0.2791182450481808
2011-03-14,0.2812303213423293
2011-03-15,0.3623853885770145
2011-03-16,0.3804178823823172
2011-03-17,0.38394386040076545
2011-03-18,0.3951901310918461
2011-03-21,0.39215401547265116
2011-03-22,0.39190819634083784
2011-03-23,0.4199856682498849
2011-03-24,0.4244095674184376
2011-03-25,0.4216800153860151
2011-03-28,0.40805131998494026
2011-03-29,0.4110477939112577
2011-03-30,0.41157777006207275
2011-03-31,0.41230269522536933
2011-04-01,0.39739239964929596
2011-04-04,0.39227630646406886
2011-04-05,0.3871834356431211
2011-04-06,0.3881131899204654
2011-04-07,0.39744161247962206
2011-04-08,0.387760122192888
2011-04-11,0.3887841358004167
2011-04-12,0.3903854447425029
2011-04-13,0.38683529117030313
2011-04-14,0.3848865610021317
2011-04-15,0.3899992273614722
2011-04-18,0.3899946661503999
2011-04-19,0.3368353902139602
2011-04-20,0.3339826549793938
2011-04-21,0.3103611501686725
2011-04-25,0.30054012146856574
2011-04-26,0.29723265886238615
2011-04-27,0.18792442363316142
2011-04-28,0.16099603087199882
2011-04-29,0.1580242019618201
2011-05-02,0.1404262283628428
2011-05-03,0.14649059679679322
2011-05-04,0.16022196613894402
2011-05-05,0.27906572428934506
2011-05-06,0.271387869478483
2011-05-09,0.326307084676364
2011-05-10,0.32633673645590744
2011-05-11,0.327725097563899
2011-05-12,0.33535109755802867
2011-05-13,0.3490961752846183
2011-05-16,0.4464353850032564
2011-05-17,0.47335929568018575
2011-05-18,0.4723266990862349
2011-05-19,0.4697218280899389
2011-05-20,0.4564168106681942
2011-05-23,0.4723040518365731
2011-05-24,0.46643189385985007
2011-05-25,0.5483480826231443
2011-05-26,0.553413181540879
2011-05-27,0.560626535945447
2011-05-30,0.5510698840041017
2011-05-31,0.5736161584292281
2011-06-01,0.5736536879521728
2011-06-02,0.5753320364775348
2011-06-03,0.5941568441680007
2011-06-06,0.5951353356296446
2011-06-07,0.5943470161493548
2011-06-08,0.5945796258582147
2011-06-09,0.5969593795806839
2011-06-10,0.6022539998326852
2011-06-13,0.6323066406040393
2011-06-14,0.6532590676830217
2011-06-15,0.654182407933336
2011-06-16,0.5952209918676065
2011-06-17,0.6017714733302227
2011-06-20,0.5646569208853466
2011-06-21,0.5778331616156631
2011-06-22,0.5760894159702338
2011-06-23,0.5731618986399947
2011-06-24,0.5604354397561814
2011-06-27,0.48956385823564863
2011-06-28,0.459944143597003
2011-06-29,0.4600529876387469
2011-06-30,0.46942363710899626
2011-07-01,0.4689215885093375
2011-07-04,0.4471366252790898
2011-07-05,0.4539622541540277
2011-07-06,0.3724483300258544
2011-07-07,0.38254948304550507
2011-07-08,0.37035362021938834
2011-07-11,0.40790301873910106
2011-07-12,0.3850891223784808
2011-07-13,0.38746880627272373
2011-07-14,0.4020520530084255
2011-07-15,0.36553138170073496
2011-07-18,0.3597568490953251
2011-07-19,0.3677713213172614
2011-07-20,0.36269353066687926
2011-07-21,0.3623514513802131
2011-07-22,0.36129082554661685
2011-07-25,0.28162809448454756
2011-07-26,0.2636027430773117
2011-07-27,0.26432045729063647
2011-07-28,0.2347846587206564
2011-07-29,0.2498667668703592
2011-08-01,0.23988348074081506
2011-08-02,0.2519209063026424
2011-08-03,0.2946831880979955
2011-08-04,0.32603526031723085
2011-08-05,0.3581449495375728
2011-08-08,0.3842989587655651
2011-08-09,0.39324648819652575
2011-08-10,0.4162622822672104
2011-08-11,0.4139605049450784
2011-08-12,0.42930350007924667
2011-08-16,0.4289104373818955
2011-08-17,0.4266563257759609
2011-08-18,0.4254930125606802
2011-08-19,0.40680284143590795
2011-08-22,0.4105958017655069
2011-08-23,0.3878628374949511
2011-08-24,0.3893056390899845
2011-08-25,0.3932703839476709
2011-08-26,0.37504926047158005
2011-08-29,0.37531466542417546
2011-08-30,0.38114437967256887
2011-08-31,0.3679958105065022
2011-09-01,0.3642090806057823
2011-09-02,0.36398463307144036
2011-09-05,0.359704377957235
2011-09-06,0.36167601923459924
2011-09-07,0.36357514804619184
2011-09-08,0.3695467342926634
2011-09-09,0.3692986156576826
2011-09-12,0.37693191189045006
2011-09-13,0.3830023487547326
2011-09-14,0.3790432476200213
2011-09-15,0.35004802817214
2011-09-16,0.3251413198972826
2011-09-19,0.31705826057201686
2011-09-20,0.30265195169699927
2011-09-21,0.3100891324803633
2011-09-22,0.315298534172238
2011-09-23,0.36449246071317987
2011-09-26,0.3726573378011201
2011-09-27,0.38895768773771044
2011-09-28,0.3889916354445724
2011-09-29,0.4048950563267866
2011-09-30,0.40941012414468136
2011-10-03,0.415477457360814
2011-10-04,0.4109002326345875
2011-10-05,0.45320103506891996
2011-10-06,0.48305622904788426
2011-10-07,0.49291994984586396
2011-10-10,0.4945907940016132
2011-10-11,0.5134261804692025
2011-10-12,0.5149521284270012
2011-10-13,0.5138750993617692
2011-10-14,0.5208261130590144
2011-10-17,0.520857687602532
2011-10-18,0.5823890657796307
2011-10-19,0.624668549742626
2011-10-20,0.6194420328346657
2011-10-21,0.6310906510660026
2011-10-24,0.618404178548861
2011-10-25,0.6178449066309549
2011-10-26,0.6231451559731311
2011-10-27,0.6230782792464067
2011-10-28,0.6255925965981969
2011-10-31,0.610526025403199
2011-11-01,0.5959536342428314
2011-11-02,0.5854387568451368
2011-11-03,0.577760413049621
2011-11-04,0.5329113788213194
2011-11-07,0.52045673497492
2011-11-08,0.515512383140513
2011-11-09,0.5109784375281574
2011-11-10,0.5022996992713087
2011-11-11,0.5113021884600949
2011-11-14,0.4929808980012401
2011-11-15,0.49264487499599996
2011-11-16,0.45699857258769516
2011-11-17,0.42464829594761067
2011-11-18,0.42121819577195485
2011-11-21,0.4284700677495711
2011-11-22,0.4118876579895181
2011-11-23,0.4140798140264682
2011-11-24,0.41453427451092306
2011-11-25,0.40954968641714173
2011-11-28,0.4104669232340097
2011-11-29,0.31892532930067874
2011-11-30,0.25890724993984165
2011-12-01,0.2591489195020252
2011-12-02,0.2543182165095196
2011-12-05,0.25431536885237277
2011-12-06,0.24169824314953575
2011-12-07,0.26087957119676264
2011-12-08,0.261143838547601
2011-12-09,0.2557318683990412
2011-12-12,0.2567219923395258
2011-12-13,0.2530473704624127
2011-12-14,0.30536100372689495
2011-12-15,0.29053021436669874
2011-12-16,0.29374643503765296
2011-12-19,0.2935873747549369
2011-12-20,0.27969045193084424
2011-12-21,0.2930234859412041
2011-12-22,0.27971620726874047
2011-12-23,0.26387345483192176
2011-12-26,0.2637737774758113
2011-12-27,0.2608390190003174
2011-12-28,0.26479117273987707
2011-12-29,0.26470382089386
2011-12-30,0.2509275618285229
2012-01-02,0.23846616765675877
2012-01-03,0.24893163819466818
2012-01-04,0.24795021504942133
2012-01-05,0.2581635943601541
2012-01-06,0.26490019891150096
2012-01-09,0.2710392111714199
2012-01-10,0.27422963428466696
2012-01-11,0.26749251077239344
2012-01-12,0.31502121670635946
2012-01-13,0.29639678942001574
2012-01-16,0.29772899963531607
2012-01-17,0.30903102657477
2012-01-18,0.28975175097518974
2012-01-19,0.29275207343076365
2012-01-20,0.2937680300282495
2012-01-23,0.2920581196879805
2012-01-24,0.29444298248701356
2012-01-25,0.22792901471928673
2012-01-27,0.43415113168310304
2012-01-30,0.43401098413955563
2012-01-31,0.4310353136904076
2012-02-01,0.4400073285624465
2012-02-02,0.4386952785643462
2012-02-03,0.44075489625843556
2012-02-06,0.43982761035878315
2012-02-07,0.4401394023670401
2012-02-08,0.4995219018375713
2012-02-09,0.49991362058808775
2012-02-10,0.4969687414503027
2012-02-13,0.5058789085894853
2012-02-14,0.5193008985907621
2012-02-15,0.5190960225241744
2012-02-16,0.5319298760468494
2012-02-17,0.5208305342429538
2012-02-20,0.537210203152853
2012-02-21,0.5342412779508272
2012-02-22,0.5308558655613762
2012-02-23,0.5307961141318718
2012-02-24,0.5039956279749053
2012-02-27,0.5163170729548444
2012-02-28,0.5284006148049232
2012-02-29,0.521307770625336
2012-03-01,0.5225263940769749
2012-03-02,0.5220976230441619
2012-03-05,0.5319782919611046
2012-03-06,0.532727643138519
2012-03-07,0.5343730174377761
2012-03-08,0.5393491447338224
2012-03-09,0.36329445515021774
2012-03-12,0.3627708842120473
2012-03-13,0.3692288417834013
2012-03-14,0.37559326438652874
2012-03-15,0.37642848296525133
2012-03-16,0.37874464659850693
2012-03-19,0.37929900063173727
2012-03-20,0.3855939482526275
2012-03-21,0.2924050292187857
2012-03-22,0.32320759706853835
2012-03-23,0.30752582564390013
2012-03-26,0.3070775054024207
2012-03-27,0.29842702233055357
2012-03-28,0.29535820616312763
2012-03-29,0.28339618926919014
2012-03-30,0.3213982077387085
2012-04-02,0.31001212874322204
2012-04-03,0.3092998593889826
2012-04-04,0.3120289064610421
2012-04-05,0.3112276099232635
2012-04-09,0.31114137725584834
2012-04-10,0.3034473726806691
2012-04-11,0.278887442224633
2012-04-12,0.2788753284787402
2012-04-13,0.2755220080831328
2012-04-16,0.3215075973618982
2012-04-17,0.318125325455162
2012-04-18,0.3159928815134921
2012-04-19,0.31303131552870955
2012-04-20,0.30596712624216915
2012-04-23,0.2955438551141709
2012-04-24,0.31321676673297816
2012-04-25,0.30230717255386
2012-04-26,0.3328458057524748
2012-04-27,0.3310558568795048
2012-04-30,0.3279935826665095
2012-05-01,0.3251961184092577
2012-05-02,0.32229745148947075
2012-05-03,0.3185856195648103
2012-05-04,0.2772645381101692
2012-05-07,0.27723238889720025
2012-05-08,0.314811259107239
2012-05-09,0.31852923465304184
2012-05-10,0.3216953152967814
2012-05-11,0.32550174634414997
2012-05-14,0.2828149754814343
2012-05-15,0.27468274026052486
2012-05-16,0.27540092866986654
2012-05-17,0.27516790751822895
2012-05-18,0.27736304466200984
2012-05-21,0.277188554837478
2012-05-22,0.2660035320223893
2012-05-23,0.27166351922186616
2012-05-24,0.2929973716578218
2012-05-25,0.29283810744699407
2012-05-28,0.24455015092870935
2012-05-29,0.24281867530670165
2012-05-30,0.24377819659122124
2012-05-31,0.24386362369437836
2012-06-01,0.2662355478455194
2012-06-04,0.2657798006356707
2012-06-05,0.2422133599169603
2012-06-06,0.2565978352581511
2012-06-07,0.2125703408299882
2012-06-08,0.21251244544553827
2012-06-11,0.2239868070703665
2012-06-12,0.22356191998412994
2012-06-13,0.22158602241356573
2012-06-14,0.2214916700130523
2012-06-15,0.22321605400451477
2012-06-18,0.22457943763334148
2012-06-19,0.18763840588875758
2012-06-20,0.182661425238978
2012-06-21,0.17924406080778205
2012-06-22,0.21459321976230133
2012-06-25,0.22254581970885756
2012-06-26,0.22239597763124797
2012-06-27,0.21898813372527215
2012-06-28,0.21550852520910796
2012-06-29,0.22253292456460566
2012-07-02,0.22527608028300788
2012-07-03,0.23331668543391254
2012-07-04,0.22985504517647903
2012-07-05,0.2148028987623507
2012-07-06,0.21638170049811062
2012-07-09,0.21602431515249887
2012-07-10,0.20162772793752642
2012-07-11,0.2009709196970293
2012-07-12,0.20096591744373737
2012-07-13,0.1858158394029466
2012-07-16,0.19385654970812177
2012-07-17,0.19926770604203342
2012-07-18,0.17937072568072465
2012-07-19,0.2039643262029876
2012-07-20,0.21367382698063514
2012-07-23,0.20988438614900135
2012-07-24,0.23387353215015383
2012-07-25,0.23351704721279226
2012-07-26,0.2361514697571101
2012-07-27,0.24908728617573006
2012-07-30,0.2480739509988919
2012-07-31,0.25135092452141766
2012-08-01,0.2633860582863021
2012-08-02,0.2648766662911438
2012-08-03,0.23978523496607518
2012-08-06,0.23567588240967807
2012-08-07,0.2608010908475983
2012-08-08,0.2623729236153052
2012-08-09,0.2567351557581379
2012-08-10,0.2532494076452009
2012-08-13,0.24908426377881915
2012-08-14,0.25852196387395493
2012-08-16,0.25762558412056547
2012-08-17,0.26691702045529464
2012-08-20,0.26572380216792413
2012-08-21,0.2687943632187698
2012-08-22,0.2708671940617279
2012-08-23,0.33338587548441007
2012-08-24,0.34587862425558713
2012-08-27,0.34130581411378125
2012-08-28,0.34321685431392174
2012-08-29,0.35716506640402323
2012-08-30,0.406731152798272
2012-08-31,0.38968628393316707
2012-09-03,0.3820661578758303
2012-09-04,0.37292325906001966
2012-09-05,0.34739976640613845
2012-09-06,0.3474126110482447
2012-09-07,0.3433617525791989
2012-09-10,0.33949465481259783
2012-09-11,0.34863367588575644
2012-09-12,0.3469294962992966
2012-09-13,0.3611541624817183
2012-09-14,0.3847553884856084
2012-09-17,0.3856906111750882
2012-09-18,0.3820831896231891
2012-09-19,0.3724492285361588
2012-09-20,0.42471665100619327
2012-09-21,0.43514538543237635
2012-09-24,0.4996100902944344
2012-09-25,0.5430477052094103
2012-09-26,0.5474777969974969
2012-09-27,0.5498658176482213
2012-09-28,0.5504048759479628
2012-10-01,0.550515178870541
2012-10-03,0.5499115396594241
2012-10-04,0.5497298350860257
2012-10-05,0.5104398822579829
2012-10-08,0.4986954484239623
2012-10-09,0.49879124329550706
2012-10-10,0.48853285338656116
2012-10-11,0.48423747505174186
2012-10-12,0.4494569592274539
2012-10-15,0.4548004116173513
2012-10-16,0.4543476271759457
2012-10-17,0.4555656156650848
2012-10-18,0.46845973944459096
2012-10-19,0.47044276317921496
2012-10-22,0.4987303509565205
2012-10-23,0.5075380589204443
2012-10-24,0.4938215548685796
2012-10-25,0.49314268807127126
2012-10-26,0.49217197666079193
2012-10-29,0.4553440286006454
2012-10-30,0.464390785962023
2012-10-31,0.46363355752663793
2012-11-01,0.4628184850579511
2012-11-02,0.4236666858331303
2012-11-05,0.40664718781483933
2012-11-06,0.3734188522432379
2012-11-07,0.30846098532881877
2012-11-08,0.2997146010896416
2012-11-09,0.30603034097488846
2012-11-12,0.3061664365374958
2012-11-13,0.3012800444761878
2012-11-14,0.3048222319723098
2012-11-15,0.3064486504461148
2012-11-16,0.3075043163401543
2012-11-19,0.30728545539866015
2012-11-20,0.3147680515221952
2012-11-21,0.31597541385217703
2012-11-22,0.3078582867109654
2012-11-23,0.2994854697748996
2012-11-26,0.29751708808122973
2012-11-27,0.30348517348096704
2012-11-28,0.30202551404220707
2012-11-29,0.2853557211388856
2012-11-30,0.2823148226997199
2012-12-03,0.23494247479570857
2012-12-04,0.20997331497272825
2012-12-05,0.20826041825453862
2012-12-06,0.20735116025943473
2012-12-07,0.18206932974393675
2012-12-10,0.22125580348702834
2012-12-11,0.23352178872952728
2012-12-12,0.23343596838947184
2012-12-13,0.2426759414576795
2012-12-14,0.24149045697951083
2012-12-17,0.24164302472292382
2012-12-18,0.20482603174058273
2012-12-19,0.19209568334205313
2012-12-20,0.20342736458581784
2012-12-21,0.18523386707353634
2012-12-24,0.17744231238805408
2012-12-26,0.1749483518685675
2012-12-27,0.17377620793349424
2012-12-28,0.2823317771299778
2013-01-01,0.3684616795978177
2013-01-02,0.38195423812995677
2013-01-03,0.38329327968164484
2013-01-04,0.3787757370970286
2013-01-07,0.3807973542299916
2013-01-08,0.38466722291584565
2013-01-09,0.38224548823559457
2013-01-10,0.3804739473141604
2013-01-11,0.3847539474419237
2013-01-14,0.38822454838135534
2013-01-15,0.3943596633690831
2013-01-16,0.394975577488353
2013-01-17,0.39517579746687925
2013-01-18,0.40466194900963026
2013-01-21,0.40566124367795775
2013-01-22,0.3982205276259466
2013-01-23,0.37266200872686095
2013-01-24,0.36383491756342934
2013-01-25,0.36537740538206287
2013-01-28,0.36240704773026255
2013-01-29,0.3571161122795905
2013-01-30,0.35553243154672576
2013-01-31,0.35929249685078823
2013-02-01,0.3619472949435102
2013-02-04,0.35708837281476247
2013-02-05,0.35703568046064793
2013-02-06,0.35758356525139845
2013-02-07,0.3579909576129561
2013-02-08,0.3583181118001766
2013-02-11,0.26979006811035255
2013-02-12,0.15150298170718007
2013-02-13,0.11774909081453677
2013-02-14,0.11490015542052728
2013-02-15,0.11720139200871504
2013-02-18,0.1143175563848059
2013-02-19,0.14750438040637892
2013-02-20,0.1417055945119544
2013-02-21,0.15728053509008577
2013-02-22,0.15867138968054323
2013-02-25,0.14326319890685651
2013-02-26,0.13847678400367697
2013-02-27,0.1448201026950675
2013-02-28,0.1398795191691709
2013-03-01,0.13217712302032086
2013-03-04,0.16057188351684887
2013-03-05,0.1584303456660009
2013-03-06,0.158407180225756
2013-03-07,0.1514518409147783
2013-03-08,0.14664555820727287
2013-03-11,0.14667553384587317
2013-03-12,0.1513403874320025
2013-03-13,0.1512709626061574
2013-03-14,0.14423524527779508
2013-03-15,0.14043074700583796
2013-03-18,0.1792350982886995
2013-03-19,0.17797421605476743
2013-03-20,0.17716514637837266
2013-03-21,0.188131294335937
2013-03-22,0.18696200552130965
2013-03-25,0.18721855707062135
2013-03-26,0.18736234455205264
2013-03-27,0.19691935466621296
2013-03-28,0.2296905097755912
2013-04-01,0.22657139733581388
2013-04-02,0.2273728927065422
2013-04-03,0.19720614850658308
2013-04-04,0.19731061019486057
2013-04-05,0.17543867103274952
2013-04-08,0.1771283834168602
2013-04-09,0.1790598306258498
2013-04-10,0.17981720448746497
2013-04-11,0.1753939005043329
2013-04-12,0.17498639128580729
2013-04-15,0.3150828809885868
2013-04-16,0.2949422025843514
2013-04-17,0.3215230753108137
2013-04-18,0.32525836850733353
2013-04-19,0.3621610787043744
2013-04-22,0.3614461857154865
2013-04-23,0.3613536147916504
2013-04-24,0.36160781398878394
2013-04-25,0.3613559620655252
2013-04-26,0.35627824840047717
2013-04-29,0.35682080157846585
2013-04-30,0.33769958667375605
2013-05-01,0.38744208122201207
2013-05-02,0.3881465679643903
2013-05-03,0.3845961708164656
2013-05-06,0.38391577699405355
2013-05-07,0.4012757081663335
2013-05-08,0.4005772858862332
2013-05-09,0.4027546770168997
2013-05-10,0.38459147641396896
2013-05-13,0.388574608905067
2013-05-14,0.39113624185971707
2013-05-15,0.39068496793221386
2013-05-16,0.3902201658107196
2013-05-17,0.39711317281668357
2013-05-20,0.3963808578108482
2013-05-21,0.4003889971657749
2013-05-22,0.4095188823726189
2013-05-23,0.4120826689448741
2013-05-24,0.41205796054273147
2013-05-27,0.29824016974394923
2013-05-28,0.2981824632967905
2013-05-29,0.2581437685988208
2013-05-30,0.24967320936638465
2013-05-31,0.2156898150548734
2013-06-03,0.21275567509450866
2013-06-04,0.2123112835077688
2013-06-05,0.20982425352468798
2013-06-06,0.20887783347192984
2013-06-07,0.20879063997052022
2013-06-10,0.21201401431193184
2013-06-11,0.21273404856721095
2013-06-12,0.11786543282686346
2013-06-13,0.1224769261873434
2013-06-14,0.13279428003795912
2013-06-17,0.13244813868952676
2013-06-18,0.10818313797350271
2013-06-19,0.1080142561625052
2013-06-20,0.11307758697696813
2013-06-21,0.10850217141545854
2013-06-24,0.1068998301026855
2013-06-25,0.09742062102174076
2013-06-26,0.09740748971255686
2013-06-27,0.10320314140008513
2013-06-28,0.10022218129596594
2013-07-01,0.1048540107261246
2013-07-02,0.13448473407588962
2013-07-03,0.11827592978993207
2013-07-04,0.10655586791864402
2013-07-05,0.11352699572004343
2013-07-08,0.11762079471946624
2013-07-09,0.12396811585489587
2013-07-10,0.13718357454937036
2013-07-11,0.13670714142238882
2013-07-12,0.13873146176977758
2013-07-15,0.13469044554105836
2013-07-16,0.1357197534552591
2013-07-17,0.13638120002954812
2013-07-18,0.13646534314574088
2013-07-19,0.14533355837241807
2013-07-22,0.1433225722018795
2013-07-23,0.13954536426480896
2013-07-24,0.1280468557525294
2013-07-25,0.15452939542188832
2013-07-26,0.15001006672929557
2013-07-29,0.15464861904543198
2013-07-30,0.18552162053255034
2013-07-31,0.21427753438473335
2013-08-01,0.2270206061829267
2013-08-02,0.23224654480095686
2013-08-05,0.23458772195720085
2013-08-06,0.24243759896569517
2013-08-07,0.24639756177283423
2013-08-08,0.2498933062557645
2013-08-09,0.254118422734739
2013-08-12,0.249889455655239
2013-08-13,0.2313632225023869
2013-08-14,0.23628461794159833
2013-08-16,0.23425854920145672
2013-08-19,0.22634957969842923
2013-08-20,0.23976963604354362
2013-08-21,0.2315857950190227
2013-08-22,0.24609275565762523
2013-08-23,0.25039297848813774
2013-08-26,0.24475490190324245
2013-08-27,0.24120101133973953
2013-08-28,0.26377842362960413
2013-08-29,0.2800509732267506
2013-08-30,0.31919342493482183
2013-09-02,0.3306952123300999
2013-09-03,0.3290078990735161
2013-09-04,0.33634667300372334
2013-09-05,0.33664694741648304
2013-09-06,0.30356322210192505
2013-09-09,0.30953680038628933
2013-09-10,0.36537640675732286
2013-09-11,0.3638168852367658
2013-09-12,0.37002728572542654
2013-09-13,0.35884212583513897
2013-09-16,0.3598806124467623
2013-09-17,0.36097377576793954
2013-09-18,0.35573921749025617
2013-09-19,0.35449065937041213
2013-09-20,0.35037382249856663
2013-09-23,0.34813972136782695
2013-09-24,0.346429249629862
2013-09-25,0.3457978718836591
2013-09-26,0.34304603412748896
2013-09-27,0.3427049020915295
2013-09-30,0.3451204807774468
2013-10-01,0.3326888947522639
2013-10-03,0.3453178346566556
2013-10-04,0.3217011183348563
2013-10-07,0.3505766656835302
2013-10-08,0.35055993450320344
2013-10-09,0.35157106498573065
2013-10-10,0.3136591396695024
2013-10-11,0.31684102412630005
2013-10-14,0.29164163107901786
2013-10-15,0.2852597036357139
2013-10-16,0.27182528871296013
2013-10-17,0.2506390694079159
2013-10-18,0.2482572734571331
2013-10-21,0.24828605849082264
2013-10-22,0.24878058016392762
2013-10-23,0.22637430867500774
2013-10-24,0.22370661219469046
2013-10-25,0.20988333605846027
2013-10-28,0.2138147948563277
2013-10-29,0.2111303718318659
2013-10-30,0.20263172228860088
2013-10-31,0.20565003339842913
2013-11-01,0.20686667727843505
2013-11-04,0.20539602906029097
2013-11-05,0.19857390456888252
2013-11-06,0.20650380806201857
2013-11-07,0.2061532542703593
2013-11-08,0.21057423908327833
2013-11-11,0.211961562037081
2013-11-12,0.2053850934302459
2013-11-13,0.19662149424366493
2013-11-14,0.17865931768683097
2013-11-15,0.17827415272949698
2013-11-18,0.12793950284415945
2013-11-19,0.13444519519032988
2013-11-20,0.13751521774417885
2013-11-21,0.1400194615852428
2013-11-22,0.1234416482108237
2013-11-25,0.12443227121970885
2013-11-26,0.12258779038333056
2013-11-27,0.12184700375405827
2013-11-28,0.12744260334387514
2013-11-29,0.12169298880549306
2013-12-02,0.11800899946299254
2013-12-03,0.08395381484729675
2013-12-04,0.05116958819853945
2013-12-05,0.05484176832108864
2013-12-06,0.05621231666884435
2013-12-09,0.04260594759744302
2013-12-10,0.045158576515949345
2013-12-11,0.09233103610717622
2013-12-12,0.09341868302998016
2013-12-13,0.09622950558238005
2013-12-16,0.09490403709722056
2013-12-17,0.0954892350092387
2013-12-18,0.08377646237629596
2013-12-19,0.09153686678228984
2013-12-20,0.08348309459670242
2013-12-23,0.08187974716076657
2013-12-24,0.08222448702184623
2013-12-26,0.08208646793190807
2013-12-27,0.08304424543427391
2013-12-30,0.08621620047842432
2013-12-31,0.09238332074419178
2014-01-01,0.08464703991934774
2014-01-02,0.07961556469313591
2014-01-03,0.12696941790077415
2014-01-06,0.12726441993799537
2014-01-07,0.13467785564544082
2014-01-08,0.14495497281252234
2014-01-09,0.14958237716044692
2014-01-10,0.14544096700548348
2014-01-13,0.1456453104739523
2014-01-14,0.15614386450793133
2014-01-15,0.15543829781693497
2014-01-16,0.16068913770117482
2014-01-17,0.15652933751453046
2014-01-20,0.15605976137414285
2014-01-21,0.15820634260977712
2014-01-22,0.16205710353838781
2014-01-23,0.12752718260290624
2014-01-24,0.12277580887244038
2014-01-27,0.11826340081282366
2014-01-28,0.12104822919356262
2014-01-29,0.12477049848526894
2014-01-30,0.13683348543556606
2014-01-31,0.1489988088850278
2014-02-03,0.16132312823443112
2014-02-04,0.16248045429489028
2014-02-05,0.1675777693584456
2014-02-06,0.1677014727243395
2014-02-07,0.16880876354797247
2014-02-10,0.16635007674099517
2014-02-11,0.16172342567332093
2014-02-12,0.16176277116243054
2014-02-13,0.16530639628455251
2014-02-14,0.12178555844695815
2014-02-17,0.12085000031500831
2014-02-18,0.11828796747708226
2014-02-19,0.11230080031035256
2014-02-20,0.10493965510214381
2014-02-21,0.10388541991533823
2014-02-24,0.10295014174403122
2014-02-25,0.09366540679111388
2014-02-26,0.1037534574048648
2014-02-27,0.09756147067369408
2014-02-28,0.0958400623480356
2014-03-03,0.12191259805835897
2014-03-04,0.1174793881821461
2014-03-05,0.11392240772350032
2014-03-06,0.12031729910952266
2014-03-07,0.12929971764763054
2014-03-10,0.13306065642993992
2014-03-11,0.13310323305174065
2014-03-12,0.12922625742465882
2014-03-13,0.12217632913287335
2014-03-14,0.12049768901593355
2014-03-17,0.11388554502624237
2014-03-18,0.11235166672126651
2014-03-19,0.10629120401805986
2014-03-20,0.10680248248164548
2014-03-21,0.1079027076835245
2014-03-24,0.10987207680098904
2014-03-25,0.11131138873187607
2014-03-26,0.11195224042241653
2014-03-27,0.1127756511063196
2014-03-28,0.09956569426165546
2014-03-31,0.09530453491898042
2014-04-01,0.0958738701914578
2014-04-02,0.0933840661272265
2014-04-03,0.0960651611193589
2014-04-04,0.09924507813474703
2014-04-07,0.10323411674097172
2014-04-08,0.1048038680669971
2014-04-09,0.09086773648537119
2014-04-10,0.09143423482346438
2014-04-11,0.09886754273061829
2014-04-14,0.07648793365018403
2014-04-15,0.07519196418918214
2014-04-16,0.0735056278461883
2014-04-17,0.0686125166355808
2014-04-21,0.05925045838507617
2014-04-22,0.07807253510244591
2014-04-23,0.0767977173687294
2014-04-25,0.0746603277672529
2014-04-28,0.0769534337124538
2014-04-29,0.05429669976443466
2014-04-30,0.07723127227021323
2014-05-01,0.07858908139355186
2014-05-02,0.0763347887551156
2014-05-05,0.07574177386937928
2014-05-06,0.0788034931196932
2014-05-07,0.07608191934774403
2014-05-08,0.07212831666056388
2014-05-09,0.07199334906153051
2014-05-12,0.06543520561890351
2014-05-13,0.06596490799926624
2014-05-14,0.07302796965413949
2014-05-15,0.07780604507644842
2014-05-16,0.08235986566296521
2014-05-19,0.07972316228433601
2014-05-20,0.07699122008075765
2014-05-21,0.07937826993245237
2014-05-22,0.08647796491038681
2014-05-23,0.08263963933890003
2014-05-26,0.0820231837401636
2014-05-27,0.08246083132750748
2014-05-28,0.08200298011793761
2014-05-29,0.08236120637649161
2014-05-30,0.08785930111475079
2014-06-02,0.08703227713482897
2014-06-03,0.08730057887368994
2014-06-04,0.0606348538983115
2014-06-05,0.05530217788000982
2014-06-06,0.05763750581106469
2014-06-09,0.053693742068112726
2014-06-10,0.05106211037861355
2014-06-11,0.02570699603889276
2014-06-12,0.024411636371562462
2014-06-13,0.027146374559587627
2014-06-16,0.0372022076144419
2014-06-17,0.0312989652596917
2014-06-18,0.03229951271182066
2014-06-19,0.03229391087893635
2014-06-20,0.03446027219430706
2014-06-23,0.03428917428270853
2014-06-24,0.03653271430348079
2014-06-25,0.028531736179728595
2014-06-26,0.027989457422648717
2014-06-27,0.024504058096976533
2014-06-30,0.05421477186392637
2014-07-01,0.11598721635909309
2014-07-02,0.11060911110380489
2014-07-03,0.10371404141473628
2014-07-04,0.10296057123820002
2014-07-07,0.10298282191383384
2014-07-08,0.09802666553954006
2014-07-09,0.11557444199389882
2014-07-10,0.11543657695666959
2014-07-11,0.11012527014440221
2014-07-14,0.11199256175553457
2014-07-15,0.1119063085281029
2014-07-16,0.11202367538424607
2014-07-17,0.11206896121913484
2014-07-18,0.10800104399904015
2014-07-21,0.10765502024545465
2014-07-22,0.10766774631643738
2014-07-23,0.10529657359991851
2014-07-24,0.105584570004571
2014-07-25,0.10832295020144822
2014-07-28,0.10340489692084692
2014-07-29,0.10301214741509451
2014-07-30,0.10206989463603877
2014-07-31,0.1201438583086748
2014-08-01,0.12428695130683565
2014-08-04,0.12456140443651587
2014-08-05,0.12247690537523592
2014-08-06,0.12314604929244521
2014-08-07,0.11822059249170269
2014-08-08,0.11677683119213689
2014-08-11,0.0916377233466091
2014-08-12,0.03237723933578804
2014-08-13,0.030484642251096178
2014-08-14,0.0342097537022131
2014-08-18,0.03425728575620174
2014-08-19,0.037678744148988225
2014-08-20,0.03481178350225225
2014-08-21,0.0055355226008722835
2014-08-22,0.004604242322510388
2014-08-25,0.004644649689825031
2014-08-26,0.019828157438318422
2014-08-27,0.024997433960487342
2014-08-28,0.026613822228162998
2014-08-29,0.026329781632136978
2014-09-01,0.027791863141591544
2014-09-02,0.028683802068347836
2014-09-03,0.03226628826059641
2014-09-04,0.03369836551135966
2014-09-05,0.033133693372366796
2014-09-08,0.0321530090018908
2014-09-09,0.02976066043210951
2014-09-10,0.02939279011183038
2014-09-11,0.03954616423669102
2014-09-12,0.0051266463279476815
2014-09-15,0.0
2014-09-16,1.2079691968008843e-05
2014-09-17,1.245946419436983e-05
2014-09-18,0.0038104474588155635
2014-09-19,0.004280292060196839
2014-09-22,0.0037551368030632193
2014-09-23,0.003325825539292976
2014-09-24,0.006420145301796187
2014-09-25,0.05642671407675959
2014-09-26,0.05527134997331126
2014-09-29,0.0622532230564721
2014-09-30,0.06825424566991498
2014-10-01,0.06820542335488525
2014-10-03,0.07681588876568266
2014-10-06,0.07793149240804953
2014-10-07,0.08786551983895874
2014-10-08,0.08102946571806272
2014-10-09,0.0804208626899649
2014-10-10,0.08014370431291895
2014-10-13,0.08204931267493712
2014-10-14,0.08110991904535589
2014-10-16,0.14133676969881698
2014-10-17,0.14165444904148916
2014-10-20,0.13999537273508667
2014-10-21,0.1425701986639623
2014-10-22,0.14016708608110118
2014-10-23,0.13959416419014137
2014-10-24,0.13952826210091468
2014-10-27,0.13598794661503255
2014-10-28,0.14588506319136507
2014-10-29,0.16474590561451946
2014-10-30,0.1668541609744435
2014-10-31,0.17075131281096367
2014-11-03,0.1718472705468968
2014-11-04,0.17578147069573363
2014-11-05,0.17576959519624585
2014-11-06,0.18745433849576515
2014-11-07,0.18907053222347803
2014-11-10,0.1580692443929258
2014-11-11,0.15812879899089377
2014-11-12,0.15937653937697416
2014-11-13,0.15313749850073055
2014-11-14,0.1557207685356875
2014-11-17,0.1544257191828639
2014-11-18,0.15359129133225247
2014-11-19,0.14638161174867287
2014-11-20,0.14926482342502684
2014-11-21,0.16356751461240038
2014-11-24,0.16675763279412553
2014-11-25,0.1717007203483616
2014-11-26,0.17281798355156114
2014-11-27,0.10482512120108062
2014-11-28,0.10967800823477475
2014-12-01,0.10951456709181095
2014-12-02,0.10902447112936353
2014-12-03,0.11178220640400766
2014-12-04,0.11135693404569164
2014-12-05,0.11315438221013163
2014-12-08,0.11215342083638857
2014-12-09,0.10605351074419844
2014-12-10,0.08909063594059907
2014-12-11,0.08405243763325954
2014-12-12,0.08263328323461064
2014-12-15,0.07046908031083438
2014-12-16,0.06276432945066726
2014-12-17,0.15826483346689413
2014-12-18,0.16327893561689777
2014-12-19,0.16005783633037435
2014-12-22,0.16746291082538206
2014-12-23,0.19233918760734436
2014-12-24,0.19692933383584993
2014-12-26,0.19647646799182983
2014-12-29,0.21185136639067942
2014-12-30,0.20975440974144682
2014-12-31,0.22271100553275736
2015-01-01,0.22135679025703342
2015-01-02,0.22077082586877028
2015-01-05,0.21357495091942647
2015-01-06,0.20955746215453147
2015-01-07,0.20749974283117884
2015-01-08,0.2063851004851261
2015-01-09,0.21236440692761815
2015-01-12,0.2139791556114805
2015-01-13,0.21403512028702554
2015-01-14,0.2151385995424428
2015-01-15,0.21080151938511643
2015-01-16,0.21145048363782665
2015-01-19,0.21029061979849017
2015-01-20,0.21361552028717606
2015-01-21,0.2226227058312038
2015-01-22,0.24525768898264683
2015-01-23,0.24617193527284448
2015-01-27,0.24442830396033666
2015-01-28,0.24445305340779094
2015-01-29,0.24682001827799538
2015-01-30,0.1992510058037285
2015-02-02,0.19298646900977762
2015-02-03,0.1907737718501643
2015-02-04,0.18474992442527377
2015-02-05,0.1581905189122601
2015-02-06,0.1488433381935999
2015-02-09,0.1537171325819886
2015-02-10,0.14166433132087164
2015-02-11,0.15260899504483555
2015-02-12,0.13585507354534493
2015-02-13,0.14878321421771473
2015-02-17,0.15195171045116918
2015-02-18,0.14003604913227818
2015-02-19,0.1473066251599629
2015-02-20,0.14279468213146995
2015-02-23,0.14393573522122594
2015-02-24,0.1461500281880478
2015-02-25,0.1437242162266703
2015-02-26,0.1435483604094317
2015-02-27,0.14655742400052246
2015-03-02,0.1530404982423253
2015-03-03,0.15720164388469532
2015-03-04,0.16322021827388522
2015-03-05,0.1585424872003277
2015-03-06,0.15350273233194656
2015-03-09,0.12335866109473842
2015-03-10,0.12449645893463152
2015-03-11,0.12437790960388057
2015-03-12,0.13827657900849666
2015-03-13,0.12766548519239712
2015-03-16,0.11546172251441622
2015-03-17,0.11148278916090826
2015-03-18,0.11807105545400526
2015-03-19,0.13557032235508099
2015-03-20,0.14153164661261047
2015-03-23,0.18442280789232368
2015-03-24,0.1810428286400671
2015-03-25,0.17015481044036201
2015-03-26,0.15685309212351828
2015-03-27,0.15335837651053252
2015-03-30,0.14694062282909431
2015-03-31,0.16052025409918097
2015-04-01,0.17246327899558106
2015-04-02,0.1731200638577674
2015-04-06,0.17323956695077608
2015-04-07,0.17583884257496685
2015-04-08,0.1702510368251428
2015-04-09,0.1703683246022668
2015-04-10,0.17047291271555898
2015-04-13,0.1669764587973832
2015-04-14,0.16950173948823483
2015-04-15,0.1721978767438031
2015-04-16,0.16552765865683683
2015-04-17,0.29003448350521793
2015-04-20,0.3025748583074052
2015-04-21,0.3341582583916275
2015-04-22,0.33844445352156527
2015-04-23,0.3402381613495694
2015-04-24,0.3398276891788934
2015-04-27,0.3646118664365512
2015-04-28,0.3676892781412686
2015-04-29,0.3969777824983025
2015-04-30,0.41270542389380815
2015-05-01,0.4045418147567782
2015-05-04,0.4025002427490523
2015-05-05,0.38167412403802925
2015-05-06,0.38200668355556344
2015-05-07,0.38341618731951554
2015-05-08,0.3835954997877965
2015-05-11,0.3920679046560974
2015-05-12,0.4050111492781254
2015-05-13,0.39430976885596025
2015-05-14,0.3925555931292106
2015-05-15,0.38960643495006453
2015-05-18,0.3942851286050715
2015-05-19,0.3948570440865168
2015-05-20,0.39860081303727013
2015-05-21,0.39851652207085164
2015-05-22,0.39869550738554727
2015-05-25,0.39819287995370545
2015-05-26,0.39160543022131844
2015-05-27,0.3944996824130841
2015-05-28,0.3942921025966919
2015-05-29,0.2739943318460091
2015-06-01,0.26531853459684074
2015-06-02,0.24319006783919106
2015-06-03,0.24207985588891684
2015-06-04,0.24213276714498683
2015-06-05,0.2456449373255093
2015-06-08,0.21783294401575531
2015-06-09,0.2153512086082785
2015-06-10,0.16600573879048514
2015-06-11,0.1444060936972506
2015-06-12,0.14201517289524307
2015-06-15,0.1756519478039376
2015-06-16,0.17817933365617267
2015-06-17,0.17956004423667077
2015-06-18,0.20304387294454257
2015-06-19,0.20770941780801766
2015-06-22,0.19380038436383873
2015-06-24,0.17145344738174745
2015-06-25,0.2018256676966369
2015-06-26,0.1930059490176675
2015-06-29,0.20505391310721977
2015-06-30,0.21901389483364236
2015-07-01,0.23327736668773164
2015-07-02,0.24269471656985703
2015-07-03,0.30665309439645017
2015-07-06,0.34715027342334237
2015-07-07,0.3483379479252713
2015-07-08,0.34844402418726006
2015-07-09,0.35250685025807416
2015-07-10,0.3648447984259994
2015-07-13,0.3738170391019452
2015-07-14,0.3928292819262015
2015-07-15,0.39173593871095835
2015-07-16,0.3928226594243106
2015-07-17,0.46560645065471873
2015-07-20,0.4621298427452458
2015-07-21,0.4612580072497864
2015-07-22,0.49566522347609365
2015-07-23,0.49662011525627936
2015-07-24,0.49171730304003347
2015-07-27,0.5148557520463277
2015-07-28,0.5456126805732251
2015-07-29,0.5459331720376689
2015-07-30,0.5465392694938077
2015-07-31,0.5393449625502246
2015-08-03,0.5506098735569634
2015-08-04,0.550392014418311
2015-08-05,0.6080196734843876
2015-08-06,0.5930951939964123
2015-08-07,0.5976409766626104
2015-08-10,0.5902968437799679
2015-08-11,0.5989275891659214
2015-08-12,0.61002459914119
2015-08-13,0.6052646136097702
2015-08-14,0.5647612586263493
2015-08-17,0.5481360651239557
2015-08-18,0.5657468720930199
2015-08-19,0.5929308946988109
2015-08-20,0.5897340021679532
2015-08-21,0.588611411173644
2015-08-24,0.6048262283912572
2015-08-25,0.5958770021392533
2015-08-26,0.6164407432352952
2015-08-27,0.6196174047876475
2015-08-28,0.5826994650370251
2015-08-31,0.5872310766789215
2015-09-01,0.5926479608333437
2015-09-02,0.6004713539199835
2015-09-03,0.6004572572647343
2015-09-04,0.6004102166594388
2015-09-07,0.5862238420985156
2015-09-08,0.5349297632535082
2015-09-09,0.5354374667474594
2015-09-10,0.5400879024907022
2015-09-11,0.5401542752002627
2015-09-14,0.5314514137013127
2015-09-15,0.5432034389316973
2015-09-16,0.484239112997369
2015-09-17,0.49123677522232645
2015-09-18,0.5276209986343231
2015-09-21,0.5314233437646951
2015-09-22,0.5054356276513816
2015-09-23,0.49369474303842953
2015-09-24,0.500537840656535
2015-09-25,0.4874614678346241
2015-09-28,0.4860730290784978
2015-09-29,0.46905022221036863
2015-09-30,0.4525780363808404
2015-10-01,0.460843807751495
2015-10-05,0.45387106617761597
2015-10-06,0.43527372759872074
2015-10-07,0.44359792547747867
2015-10-08,0.42154623006601344
2015-10-09,0.4154220928055907
2015-10-12,0.402170685293444
2015-10-13,0.39749664400827767
2015-10-14,0.39917115525279756
2015-10-15,0.34749793825018804
2015-10-16,0.3491040826637399
2015-10-19,0.3509055999420989
2015-10-20,0.34300921132196216
2015-10-21,0.3392523506395305
2015-10-22,0.3385466424945796
2015-10-23,0.33220499234431305
2015-10-26,0.3423252011921393
2015-10-27,0.3395123104739742
2015-10-28,0.3295921355501597
2015-10-29,0.3254957643970015
2015-10-30,0.3181521578865825
2015-11-02,0.2622354511054922
2015-11-03,0.2529131439888363
2015-11-04,0.2411316007079387
2015-11-05,0.24089230290774627
2015-11-06,0.2267940190977435
2015-11-09,0.22679505573283648
2015-11-10,0.22621638353921059
2015-11-11,0.2012986281755315
2015-11-13,0.18592394269257323
2015-11-16,0.16906703912459453
2015-11-17,0.15762058498889114
2015-11-18,0.1498760192548213
2015-11-19,0.11846841762107069
2015-11-20,0.11966320146000664
2015-11-23,0.11164099232736996
2015-11-24,0.1209660856152236
2015-11-25,0.15077174221177664
2015-11-26,0.18118233714740312
2015-11-27,0.16929054236736485
2015-11-30,0.16789960112106683
2015-12-01,0.1690419994395304
2015-12-02,0.16997297163461972
2015-12-03,0.19356553629390255
2015-12-04,0.1965966217159571
2015-12-07,0.19606452686951642
2015-12-08,0.1966994428268397
2015-12-09,0.1959722199878201
2015-12-10,0.1907291543478215
2015-12-11,0.18550521605642617
2015-12-14,0.1855066531881957
2015-12-15,0.185290850127936
2015-12-16,0.18646763568178099
2015-12-17,0.1887819587784445
2015-12-18,0.18627370270477633
2015-12-21,0.1886294009102985
2015-12-22,0.1897064679913873
2015-12-23,0.1897576432362973
2015-12-24,0.18704678802457786
2015-12-28,0.18701103002163155
2015-12-29,0.18562774184856817
2015-12-30,0.18545370862695298
2015-12-31,0.18466714072347024
2016-01-01,0.18338335196657385
2016-01-04,0.17471510901428233
2016-01-05,0.17430586823667438
2016-01-06,0.16949443367709177
2016-01-07,0.1475518779892419
2016-01-08,0.10661161666753516
2016-01-11,0.12499957455385569
2016-01-12,0.12488351420134042
2016-01-13,0.12402930664418244
2016-01-14,0.12155936408730833
2016-01-15,0.10792836599654004
2016-01-18,0.10342867969879205
2016-01-19,0.1092188195329819
2016-01-20,0.10500917214458805
2016-01-21,0.10249966940105859
2016-01-22,0.10904716793506303
2016-01-25,0.106907526043093
2016-01-27,0.14992822199746075
2016-01-28,0.15198320063134196
2016-01-29,0.2798974860775539
2016-02-01,0.27651886763018246
2016-02-02,0.2762372080035965
2016-02-03,0.2739065760457087
2016-02-04,0.27937840121321506
2016-02-05,0.27943601919626826
2016-02-08,0.3061014720562586
2016-02-09,0.3074002455825061
2016-02-10,0.3070692735956368
2016-02-11,0.3156043329486874
2016-02-12,0.3210947994546775
2016-02-15,0.32090810529652714
2016-02-16,0.3206430647830112
2016-02-17,0.3342879490577446
2016-02-18,0.32285854883413634
2016-02-19,0.31513372250724075
2016-02-22,0.31507432193097745
2016-02-23,0.293166735383618
2016-02-24,0.29701416640408523
2016-02-25,0.28293462865296165
2016-02-26,0.28479809520827115
2016-02-29,0.2838340077351521
2016-03-01,0.2916331719630938
2016-03-02,0.29251048999323304
2016-03-03,0.2916775699076719
2016-03-04,0.29254148113508427
2016-03-07,0.2986747841257812
2016-03-08,0.31160669297948235
2016-03-09,0.3062086411048964
2016-03-10,0.3011555177383103
2016-03-11,0.20261211001705665
2016-03-14,0.2018442858024619
2016-03-15,0.22431379575642613
2016-03-16,0.22512451928192284
2016-03-17,0.22071314820027726
2016-03-18,0.22030388476933432
2016-03-21,0.19276099907837402
2016-03-22,0.1907999234584194
2016-03-23,0.22188599741737125
2016-03-24,0.21101558259762893
2016-03-28,0.20030675646384627
2016-03-29,0.2185246542185404
2016-03-30,0.2455748148167487
2016-03-31,0.21561039904784168
2016-04-01,0.21660911377232545
2016-04-04,0.21773134585429543
2016-04-05,0.21794793301605386
2016-04-06,0.20755248576158036
2016-04-07,0.20769577612358192
2016-04-08,0.21580649231766397
2016-04-11,0.21899351967023656
2016-04-12,0.2169316608832817
2016-04-13,0.21417801575775497
2016-04-14,0.21419760657953207
2016-04-15,0.20812022709618905
2016-04-18,0.1949214298245331
2016-04-19,0.1744209467539704
2016-04-20,0.16996851720181994
2016-04-21,0.16666534141243516
2016-04-22,0.16755339756834364
2016-04-25,0.1661990711040594
2016-04-26,0.16555994962421877
2016-04-27,0.15075052802239314
2016-04-28,0.15198349548916895
2016-04-29,0.17105177199639987
2016-05-02,0.17059074510135702
2016-05-03,0.16930677663132943
2016-05-04,0.16863285391798238
2016-05-05,0.125568587204144
2016-05-06,0.12484203503052843
2016-05-09,0.12482661310516402
2016-05-10,0.10977508229270205
2016-05-11,0.07544494217268352
2016-05-12,0.0726456089419121
2016-05-13,0.1213814208890982
2016-05-16,0.12087298478182967
2016-05-17,0.12007546584446405
2016-05-18,0.11579163509304496
2016-05-19,0.11329984273701499
2016-05-20,0.1082602799020349
2016-05-23,0.1556713649371434
2016-05-24,0.15582592037998666
2016-05-25,0.15980607336781288
2016-05-26,0.16802159432987912
2016-05-27,0.20664078072657205
2016-05-30,0.20664078072657205
2016-05-31,0.20653831381037274
2016-06-01,0.20978371940735063
2016-06-02,0.22114930055724485
2016-06-03,0.23561629159572056
2016-06-06,0.24206845190318926
2016-06-07,0.24344043419917233
2016-06-08,0.24304936468010974
2016-06-09,0.23970519983582794
2016-06-10,0.22406761130902036
2016-06-13,0.22451988606350104
2016-06-14,0.222136922272531
2016-06-15,0.22230465133215588
2016-06-16,0.22261749394222025
2016-06-17,0.22410739593226686
2016-06-20,0.2287432751274172
2016-06-21,0.22785989055316064
2016-06-22,0.22902105109348075
2016-06-23,0.22907601677502226
2016-06-24,0.19491060342736927
2016-06-27,0.19469340411702502
2016-06-28,0.19490827627255097
2016-06-29,0.19384802847146204
2016-06-30,0.1937977720380597
2016-07-01,0.1986810483874974
2016-07-04,0.16529058367145688
2016-07-05,0.16549080808489564
2016-07-06,0.19531767561736424
2016-07-07,0.19562942771472952
2016-07-08,0.170502375922698
2016-07-11,0.17212347981348153
2016-07-12,0.17176426291244867
2016-07-13,0.15827124625334493
2016-07-14,0.15116955690224826
2016-07-15,0.1447118031223214
2016-07-18,0.15128781691667048
2016-07-19,0.15271989137094694
2016-07-20,0.15522033563375898
2016-07-21,0.1570242699549309
2016-07-22,0.15757014981178685
2016-07-25,0.1564516538690257
2016-07-26,0.1560818538842924
2016-07-27,0.155252460746012
2016-07-28,0.153652785534795
2016-07-29,0.15251089740113782
2016-08-01,0.1453453823396082
2016-08-02,0.14546573911540106
2016-08-03,0.14460163557659234
2016-08-04,0.14662073232139694
2016-08-05,0.16873483405563527
2016-08-08,0.17817714531471718
2016-08-09,0.18276730003539504
2016-08-10,0.1860532370938131
2016-08-11,0.19632995144363086
2016-08-12,0.18911207572447863
2016-08-16,0.16156205906381754
2016-08-17,0.15722774551766366
2016-08-18,0.10357690298860633
2016-08-19,0.09842965564070599
2016-08-22,0.10014485607615012
2016-08-23,0.09881959237150681
2016-08-24,0.11598586819127821
2016-08-25,0.11427675491425482
2016-08-26,0.11263161981908609
2016-08-29,0.10560943275500517
2016-08-30,0.09511624811345684
2016-08-31,0.09273416085512348
2016-09-01,0.09318683318317858
2016-09-02,0.09118777643647022
2016-09-06,0.1170899888057999
2016-09-07,0.13084170935599349
2016-09-08,0.13100798559850257
2016-09-09,0.13190178558697724
2016-09-12,0.14403750563319695
2016-09-13,0.14378005828466756
2016-09-14,0.14384938234471273
2016-09-15,0.14435465140523207
2016-09-16,0.15897198528498008
2016-09-19,0.16227254294491517
2016-09-20,0.14229231904644485
2016-09-21,0.12925183959142655
2016-09-22,0.12418303463863378
2016-09-23,0.11854884173013741
2016-09-26,0.10497679892647654
2016-09-27,0.09848933898149245
2016-09-28,0.0992512363342497
2016-09-29,0.10009831425998397
2016-09-30,0.10321274030763944
2016-10-03,0.10475933789411918
2016-10-04,0.1056147392669105
2016-10-05,0.11567594044575957
2016-10-06,0.10549143335030031
2016-10-07,0.10375923059718406
2016-10-10,0.1066313661671256
2016-10-11,0.10893759886568155
2016-10-12,0.107425800764963
2016-10-13,0.11617801411814416
2016-10-14,0.11077231739330884
2016-10-17,0.11007386951249132
2016-10-18,0.0890092816275719
2016-10-19,0.07982422100840608
2016-10-20,0.0803072884458998
2016-10-21,0.0857391887359529
2016-10-24,0.07327617119033883
2016-10-25,0.07895700086686008
2016-10-26,0.0805710883319753
2016-10-27,0.08032565054434895
2016-10-28,0.058843227689731104
2016-11-01,0.050304773892828614
2016-11-02,0.04993147296838377
2016-11-03,0.05583672049614305
2016-11-04,0.058524881557415476
2016-11-07,0.06311366983845818
2016-11-08,0.06867814682290488
2016-11-09,0.07864005186378942
2016-11-10,0.0775086780177903
2016-11-11,0.0755754429654942
2016-11-14,0.09182429699709668
2016-11-15,0.14539794945552575
2016-11-16,0.14797263358953305
2016-11-17,0.14037672653819044
2016-11-18,0.1341724547429749
2016-11-21,0.17063566207684794
2016-11-22,0.18227526075372918
2016-11-23,0.17962030791376465
2016-11-24,0.18017359463703148
2016-11-25,0.19064635240455347
2016-11-28,0.18743793220088534
2016-11-29,0.1887538359445815
2016-11-30,0.18197026879365208
2016-12-01,0.18193779268485905
2016-12-02,0.18154165694889463
2016-12-05,0.17873256021242995
2016-12-06,0.1810339331584604
2016-12-07,0.17813768245904582
2016-12-08,0.1800655327173718
2016-12-09,0.17953537619754778
2016-12-12,0.18402348659004442
2016-12-13,0.1947614927607894
2016-12-14,0.19445586798788156
2016-12-15,0.19362086112508747
2016-12-16,0.19117674142381225
2016-12-19,0.18808063569311562
2016-12-20,0.18107077871708616
2016-12-21,0.17818041897335174
2016-12-22,0.17740897164480635
2016-12-23,0.18073413905097196
2016-12-26,0.1692748942591481
2016-12-27,0.12165710581534994
2016-12-28,0.11825777442597935
2016-12-29,0.11812683430929344
2016-12-30,0.11857977464876468
